Time,V1,V2,V3,V4,V5,V6,V7,V8,V9,V10,V11,V12,V13,V14,V15,V16,V17,V18,V19,V20,V21,V22,V23,V24,V25,V26,V27,V28,Amount,Class
0.0,-1.3598071336738,-0.0727811733098497,2.53634673796914,1.37815522427443,-0.338320769942518,0.462387777762292,0.239598554061257,0.0986979012610507,0.363786969611213,0.0907941719789316,-0.551599533260813,-0.617800855762348,-0.991389847235408,-0.311169353699879,1.46817697209427,-0.470400525259478,0.207971241929242,0.0257905801985591,0.403992960255733,0.251412098239705,-0.018306777944153,0.277837575558899,-0.110473910188767,0.0669280749146731,0.128539358273528,-0.189114843888824,0.133558376740387,-0.0210530534538215,149.62,0
0.0,1.19185711131486,0.26615071205963,0.16648011335321,0.448154078460911,0.0600176492822243,-0.0823608088155687,-0.0788029833323113,0.0851016549148104,-0.255425128109186,-0.166974414004614,1.61272666105479,1.06523531137287,0.48909501589608,-0.143772296441519,0.635558093258208,0.463917041022171,-0.114804663102346,-0.183361270123994,-0.145783041325259,-0.0690831352230203,-0.225775248033138,-0.638671952771851,0.101288021253234,-0.339846475529127,0.167170404418143,0.125894532368176,-0.0089830991432281,0.0147241691924927,2.69,0
1.0,-1.35835406159823,-1.34016307473609,1.77320934263119,0.379779593034328,-0.503198133318193,1.80049938079263,0.791460956450422,0.247675786588991,-1.51465432260583,0.207642865216696,0.624501459424895,0.066083685268831,0.717292731410831,-0.165945922763554,2.34586494901581,-2.89008319444231,1.10996937869599,-0.121359313195888,-2.26185709530414,0.524979725224404,0.247998153469754,0.771679401917229,0.909412262347719,-0.689280956490685,-0.327641833735251,-0.139096571514147,-0.0553527940384261,-0.0597518405929204,378.66,0
1.0,-0.966271711572087,-0.185226008082898,1.79299333957872,-0.863291275036453,-0.0103088796030823,1.24720316752486,0.23760893977178,0.377435874652262,-1.38702406270197,-0.0549519224713749,-0.226487263835401,0.178228225877303,0.507756869957169,-0.28792374549456,-0.631418117709045,-1.0596472454325,-0.684092786345479,1.96577500349538,-1.2326219700892,-0.208037781160366,-0.108300452035545,0.0052735967825345,-0.190320518742841,-1.17557533186321,0.647376034602038,-0.221928844458407,0.0627228487293033,0.0614576285006353,123.5,0
2.0,-1.15823309349523,0.877736754848451,1.548717846511,0.403033933955121,-0.407193377311653,0.0959214624684256,0.592940745385545,-0.270532677192282,0.817739308235294,0.753074431976354,-0.822842877946363,0.53819555014995,1.3458515932154,-1.11966983471731,0.175121130008994,-0.451449182813529,-0.237033239362776,-0.0381947870352842,0.803486924960175,0.408542360392758,-0.0094306971323291,0.79827849458971,-0.137458079619063,0.141266983824769,-0.206009587619756,0.502292224181569,0.219422229513348,0.215153147499206,69.99,0
2.0,-0.425965884412454,0.960523044882985,1.14110934232219,-0.168252079760302,0.42098688077219,-0.0297275516639742,0.476200948720027,0.260314333074874,-0.56867137571251,-0.371407196834471,1.34126198001957,0.359893837038039,-0.358090652573631,-0.137133700217612,0.517616806555742,0.401725895589603,-0.0581328233640131,0.0686531494425432,-0.0331937877876282,0.0849676720682049,-0.208253514656728,-0.559824796253248,-0.0263976679795373,-0.371426583174346,-0.232793816737034,0.105914779097957,0.253844224739337,0.0810802569229443,3.67,0
4.0,1.22965763450793,0.141003507049326,0.0453707735899449,1.20261273673594,0.191880988597645,0.272708122899098,-0.0051590028825098,0.0812129398830894,0.464959994783886,-0.0992543211289237,-1.41690724314928,-0.153825826253651,-0.75106271556262,0.16737196252175,0.0501435942254188,-0.443586797916727,0.002820512472347,-0.61198733994012,-0.0455750446637976,-0.21963255278686,-0.167716265815783,-0.270709726172363,-0.154103786809305,-0.780055415004671,0.75013693580659,-0.257236845917139,0.0345074297438413,0.0051677689062491,4.99,0
7.0,-0.644269442348146,1.41796354547385,1.0743803763556,-0.492199018495015,0.948934094764157,0.428118462833089,1.12063135838353,-3.80786423873589,0.615374730667027,1.24937617815176,-0.619467796121913,0.291474353088705,1.75796421396042,-1.32386521970526,0.686132504394383,-0.0761269994382006,-1.2221273453247,-0.358221569869078,0.324504731321494,-0.156741852488285,1.94346533978412,-1.01545470979971,0.057503529867291,-0.649709005559993,-0.415266566234811,-0.0516342969262494,-1.20692108094258,-1.08533918832377,40.8,0
7.0,-0.89428608220282,0.286157196276544,-0.113192212729871,-0.271526130088604,2.6695986595986,3.72181806112751,0.370145127676916,0.851084443200905,-0.392047586798604,-0.410430432848439,-0.705116586646536,-0.110452261733098,-0.286253632470583,0.0743553603016731,-0.328783050303565,-0.210077268148783,-0.499767968800267,0.118764861004217,0.57032816746536,0.0527356691149697,-0.0734251001059225,-0.268091632235551,-0.204232669947878,1.0115918018785,0.373204680146282,-0.384157307702294,0.0117473564581996,0.14240432992147,93.2,0
9.0,-0.33826175242575,1.11959337641566,1.04436655157316,-0.222187276738296,0.49936080649727,-0.24676110061991,0.651583206489972,0.0695385865186387,-0.736727316364109,-0.366845639206541,1.01761446783262,0.836389570307029,1.00684351373408,-0.443522816876142,0.150219101422635,0.739452777052119,-0.540979921943059,0.47667726004282,0.451772964394125,0.203711454727929,-0.246913936910008,-0.633752642406113,-0.12079408408185,-0.385049925313426,-0.0697330460416923,0.0941988339514961,0.246219304619926,0.0830756493473326,3.68,0
10.0,1.44904378114715,-1.17633882535966,0.913859832832795,-1.37566665499943,-1.97138316545323,-0.62915213889734,-1.4232356010359,0.0484558879088564,-1.72040839292037,1.62665905834133,1.1996439495421,-0.671439778462005,-0.513947152539479,-0.0950450453999549,0.230930409124119,0.0319674667862076,0.253414715863197,0.854343814324194,-0.221365413645481,-0.387226474431156,-0.0093018965249005,0.313894410791098,0.0277401580170247,0.500512287104917,0.25136735874921,-0.129477953726618,0.0428498709381461,0.0162532619375515,7.8,0
10.0,0.38497821518095,0.616109459176472,-0.874299702595052,-0.0940186259679115,2.92458437838817,3.31702716826156,0.470454671805879,0.53824722837695,-0.558894612428441,0.30975539423728,-0.259115563735702,-0.326143233995877,-0.0900467227020648,0.362832368569793,0.928903660629178,-0.129486811402759,-0.809978925963589,0.359985390219981,0.70766382644648,0.12599157561542,0.049923685888971,0.238421512225103,0.0091298686126286,0.996710209581086,-0.767314827174801,-0.492208295340017,0.042472441919027,-0.0543373883732122,9.99,0
10.0,1.249998742053,-1.22163680921816,0.383930151282291,-1.23489868766892,-1.48541947377961,-0.753230164566149,-0.689404975426345,-0.227487227519552,-2.09401057344842,1.32372927445937,0.227666231237246,-0.242681998944186,1.20541680770748,-0.317630527025074,0.725674990179153,-0.815612186027305,0.873936447614439,-0.847788598847099,-0.683192626267037,-0.102755941505071,-0.231809239223849,-0.483285330117712,0.0846676908596583,0.392830885335013,0.161134553588505,-0.354990039673962,0.0264155490776107,0.0424220887282304,121.5,0
11.0,1.0693735878819,0.287722129331455,0.828612726634281,2.71252042961718,-0.178398016248009,0.337543730282968,-0.0967168617395962,0.115981735546597,-0.221082566236194,0.460230444301678,-0.773656930526689,0.32338724546722,-0.0110758870883779,-0.178485175177916,-0.65556427824926,-0.19992517131173,0.1240054151819,-0.980496201537345,-0.982916082135047,-0.153197231044512,-0.0368755317335273,0.0744124028162195,-0.0714074332998586,0.104743752596029,0.548264725394119,0.104094153162781,0.0214910583643189,0.021293311477486,27.5,0
12.0,-2.7918547659339,-0.327770756658658,1.64175016056605,1.76747274389883,-0.136588446465306,0.80759646826532,-0.422911389711497,-1.90710747624096,0.755712908314791,1.1510869876677,0.844555470974377,0.7929439518176,0.370448092803246,-0.734975105820311,0.406795710431001,-0.303057623825763,-0.155868714793874,0.778265457041536,2.22186801373788,-1.58212204356551,1.15166304848789,0.222181966098225,1.02058620426601,0.0283166513238872,-0.232746324289105,-0.23555721754117,-0.16477751177654,-0.0301536365592253,58.8,0
12.0,-0.752417042956605,0.345485415344747,2.05732291276727,-1.46864329840046,-1.1583936804082,-0.0778498291166733,-0.608581418236123,0.0036034843620184,-0.436166983515744,0.747730827192802,-0.793980602837221,-0.770406728847129,1.04762699748088,-1.06660368148653,1.10695345662141,1.66011355713381,-0.279265373246772,-0.419994141181313,0.432535348618175,0.263450864446125,0.499624954671111,1.35365048557231,-0.256573280448308,-0.0650837078816517,-0.0391243535426488,-0.0870864732146962,-0.180997500092721,0.129394059390202,15.99,0
12.0,1.10321543528383,-0.0402962145973447,1.2673320885949,1.28909146962552,-0.735997163604068,0.288069162976262,-0.586056786337461,0.189379713679593,0.782332891785191,-0.267975066537173,-0.450311279515466,0.936707714991982,0.708380406186981,-0.468647287707221,0.354574063407955,-0.246634655717582,-0.0092123777270738,-0.595912405700819,-0.57568162226261,-0.113910176982092,-0.0246120063374677,0.196001952806192,0.0138016541409422,0.103758331023198,0.364297540595235,-0.382260574113217,0.092809187460487,0.0370505169810008,12.99,0
13.0,-0.436905071360625,0.918966212909322,0.92459077438817,-0.727219053596792,0.915678718106307,-0.127867352079254,0.707641607333935,0.0879623554672504,-0.66527135413364,-0.737979823596458,0.32409781346169,0.277192107214981,0.252624256310781,-0.291896460370468,-0.184520169327133,1.14317370716197,-0.92870926272403,0.680469592634687,0.0254364616880793,-0.0470212823165035,-0.194795823794671,-0.672637997017793,-0.156857514491897,-0.888386320943716,-0.342413218776576,-0.049026728633951,0.0796923991551505,0.131023789452311,0.89,0
14.0,-5.40125766315825,-5.45014783420644,1.18630463143652,1.73623880012095,3.04910587764025,-1.76340557365201,-1.55973769907953,0.160841747266769,1.23308974041888,0.345172827050629,0.917229867699146,0.970116716069048,-0.266567764915222,-0.479129929276704,-0.526608502569153,0.47200411177674,-0.725480944982201,0.075081351540202,-0.406866573198217,-2.19684802485647,-0.503600328973703,0.984459785590244,2.45858857639219,0.0421188969891572,-0.481630823956716,-0.621272013713977,0.392053289557744,0.949594245504846,46.8,0
15.0,1.4929359769862,-1.02934573189487,0.45479473374366,-1.43802587991702,-1.55543410136344,-0.720961147043557,-1.08066413038614,-0.0531271179483221,-1.9786815953872,1.63807603690446,1.07754241162743,-0.63204651464934,-0.41695716661602,0.0520105153724404,-0.0429789228232019,-0.166432496451972,0.304241418614353,0.554432499062278,0.0542295152184719,-0.387910172646258,-0.177649846438814,-0.175073809074822,0.0400022190621329,0.295813862676508,0.33293059939425,-0.220384850672322,0.0222984359135846,0.0076022555999789,5.0,0
16.0,0.694884775607337,-1.36181910308009,1.02922103956032,0.834159299216716,-1.19120879445965,1.30910881872952,-0.878585911450457,0.4452901278385,-0.446195831557423,0.568520735086962,1.01915061274695,1.29832870056251,0.420480265280796,-0.372650997239682,-0.807979512809369,-2.04455748288968,0.515663469043577,0.625847298442513,-1.30040816880609,-0.138333940419021,-0.295582931552029,-0.571955006812512,-0.0508807005036795,-0.304214501020644,0.0720010061385359,-0.422234430367677,0.0865533980909977,0.0634986493439305,231.71,0
17.0,0.962496069914852,0.32846102605212,-0.17147905415064,2.10920406774016,1.12956557126894,1.6960376856836,0.107711607311367,0.521502163844302,-1.19131110205143,0.724396314588903,1.6903299205808,0.406773575635315,-0.936421295934551,0.98373941913199,0.710910766068067,-0.602231772166344,0.402484375627273,-1.73716203452457,-2.02761232183279,-0.269320966548419,0.14399742335114,0.402491661406291,-0.0485082211745289,-1.37186629453889,0.390813885438659,0.199963657504328,0.0163706432842991,-0.01460532767228,34.09,0
18.0,1.16661638244228,0.502120087854101,-0.0673003143663533,2.26156923949128,0.428804194630708,0.0894735167274599,0.241146579907281,0.138081705243702,-0.989162395259052,0.922174967079328,0.744785789437272,-0.531377250104474,-2.1053464503177,1.12687010488156,0.0030753225149003,0.424424506356606,-0.454475291663708,-0.0988706272108058,-0.816597306905994,-0.307168508741084,0.0187018719918659,-0.0619722672279421,-0.103854921794533,-0.370415176650599,0.603200338674873,0.108555872801682,-0.0405207055560295,-0.0114178152991164,2.28,0
18.0,0.247491127783665,0.277665627353681,1.18547084217971,-0.0926025498576041,-1.31439397897076,-0.150115997622665,-0.946364950111676,-1.61793505064675,1.54407140197844,-0.82988060074647,-0.583199526903095,0.524933232159904,-0.45337529664688,0.0813930875646215,1.55520419597553,-1.39689489286937,0.783130838324676,0.436621213910235,2.17780716839543,-0.230983142903519,1.65018036054154,0.200454090999037,-0.185352508080436,0.42307314795406,0.820591261750983,-0.227631863934761,0.336634446911129,0.250475352427605,22.75,0
22.0,-1.94652513121534,-0.0449005054418194,-0.405570068378956,-1.01305733702394,2.94196769950545,2.95505339674562,-0.0630631473635638,0.855546309018146,0.0499669002270836,0.573742508037695,-0.0812565147381817,-0.215745003282808,0.0441606277765361,0.0338977566837455,1.19071767502074,0.578843475256385,-0.975667025451307,0.0440628177757039,0.488602868957758,-0.216715254448926,-0.579525934402369,-0.799228952914653,0.870300215304704,0.983421492506598,0.321201132609584,0.149649876930755,0.707518836410842,0.014599751533029,0.89,0
22.0,-2.0742946722629,-0.121481799450951,1.32202063048967,0.410007514171835,0.295197545759436,-0.95953722984438,0.543985491287656,-0.104626728092018,0.475664017945495,0.149450615348245,-0.856566363963256,-0.180523156037298,-0.655232930357476,-0.27979685563853,-0.21166795514315,-0.333320609694671,0.010751094250554,-0.488472666295676,0.505751034478604,-0.386693573241769,-0.403639498840125,-0.227404004096502,0.742434864076795,0.398534855447456,0.249212161486784,0.274404273874965,0.359969356358436,0.243231671798911,26.43,0
23.0,1.17328461017079,0.353497876646456,0.28390506526532,1.1335633178795,-0.172577181842493,-0.916053706932115,0.36902484539083,-0.327260242196767,-0.24665102789456,-0.0461393022689538,-0.143418527309124,0.979350375717585,1.49228543545219,0.101417525935881,0.76147754528118,-0.014584082470356,-0.511640116553888,-0.32505635460906,-0.390933797720026,0.0278779087328671,0.0670033044874043,0.227811927638182,-0.150487224821759,0.43504510338369,0.724824579577241,-0.337082059875827,0.0163683792669046,0.0300411908366385,41.88,0
23.0,1.32270726911234,-0.17404083293642,0.434555031250987,0.576037652384661,-0.836758045983797,-0.831083411483829,-0.264904960791055,-0.220981942667704,-1.07142461772052,0.868558547570527,-0.641506289794406,-0.111315775017413,0.361485409760927,0.171945121866125,0.782166531823632,-1.35587072953395,-0.216935152965165,1.27176538520308,-1.24062193508556,-0.522950940722936,-0.284375572220815,-0.323357410638449,-0.0377099050596787,0.347150938808497,0.559639136527168,-0.280158165778367,0.042335257639718,0.0288223002307744,16.0,0
23.0,-0.414288810090829,0.905437322625407,1.72745294417921,1.47347126657189,0.0074427411732298,-0.200330677416199,0.740228319420026,-0.029247400012072,-0.593392019124765,-0.346188231273199,-0.0121421884961019,0.786796316060126,0.635953883297271,-0.0863244719500975,0.0768036871984215,-1.4059193336148,0.775591738395162,-0.94288892749919,0.543969461627011,0.0973075910928853,0.0772374339988386,0.457330598656119,-0.038499724582026,0.642521902774992,-0.183891335259639,-0.277464019495649,0.182687486490454,0.152664644968975,33.0,0
23.0,1.05938711501788,-0.175319186719244,1.26612964251002,1.18610995469348,-0.786001752758539,0.578435276462307,-0.767084276374229,0.401046149117525,0.699499675903727,-0.0647375556773487,1.04829248789913,1.00561836488785,-0.542001579163132,-0.0399145024672579,-0.218683247678604,0.0044756821990387,-0.193554038650394,0.0423879619548074,-0.277833720535009,-0.178023367448801,0.0136762939208399,0.213733610123234,0.0144618494665875,0.0029508599154224,0.294638014829328,-0.395069505138473,0.081461117248889,0.0242203485620962,12.99,0
24.0,1.23742903021294,0.0610425841868962,0.380525879794222,0.761564111432371,-0.359770710369787,-0.494084149915291,0.0064942181077928,-0.133862379689891,0.438809736716666,-0.207358045517011,-0.92918211475144,0.5271060605933,0.348675901114132,-0.152535138608542,-0.218385629647018,-0.191551818259596,-0.116580602716053,-0.633790816521738,0.348415801097774,-0.0663513345433597,-0.245682498259096,-0.530900256150069,-0.0442653968237672,0.0791680288586917,0.50913568954621,0.288857833917937,-0.0227049816562784,0.0118362314304161,17.28,0
25.0,1.11400859541157,0.0855460896870318,0.493702487395368,1.33575998514475,-0.300188550950467,-0.0107537834263628,-0.11876001509605,0.188616695943139,0.20568684906514,0.0822622587556722,1.13355567149479,0.626699002489221,-1.49278039238295,0.520787893899183,-0.674592596871812,-0.529108241855907,0.158256197923207,-0.398751479349713,-0.1457089090445,-0.273832367278761,-0.0532336603921118,-0.0047601512119153,-0.0314701703936453,0.198053718143193,0.565007312878958,-0.337718126200803,0.0290574021222937,0.0044526314318799,4.45,0
26.0,-0.529912284186556,0.873891581460326,1.34724732930113,0.145456676582257,0.414208858362661,0.10022309405219,0.711206082959649,0.1760659570625,-0.286716934699997,-0.484687683196852,0.872489590125871,0.851635859904339,-0.571745302934562,0.100974273045751,-1.51977183258512,-0.284375978261788,-0.310523584869201,-0.404247868800905,-0.823373523914155,-0.290347610865436,0.0469490671140629,0.208104855076299,-0.185548346773547,0.0010306598329328,0.0988157011025622,-0.552903603040518,-0.0732880835681738,0.0233070451077205,6.14,0
26.0,-0.529912284186556,0.873891581460326,1.34724732930113,0.145456676582257,0.414208858362661,0.10022309405219,0.711206082959649,0.1760659570625,-0.286716934699997,-0.484687683196852,0.872489590125871,0.851635859904339,-0.571745302934562,0.100974273045751,-1.51977183258512,-0.284375978261788,-0.310523584869201,-0.404247868800905,-0.823373523914155,-0.290347610865436,0.0469490671140629,0.208104855076299,-0.185548346773547,0.0010306598329328,0.0988157011025622,-0.552903603040518,-0.0732880835681738,0.0233070451077205,6.14,0
26.0,-0.53538776309446,0.865267807575272,1.35107628772237,0.14757547449791,0.433680212077009,0.0869829381161816,0.693039311115721,0.179742260742556,-0.285641861230583,-0.482474471178567,0.871799580440785,0.853447434991487,-0.571821891415037,0.102252103048142,-1.51999120265821,-0.285912497081499,-0.309633386824141,-0.403901992939884,-0.823742994489464,-0.283263782156003,0.049525686687599,0.206536543024476,-0.18710806982075,0.0007530142574977,0.0981166059546266,-0.553470968822753,-0.0783055021726955,0.0254273775211197,1.77,0
26.0,-0.53538776309446,0.865267807575272,1.35107628772237,0.14757547449791,0.433680212077009,0.0869829381161816,0.693039311115721,0.179742260742556,-0.285641861230583,-0.482474471178567,0.871799580440785,0.853447434991487,-0.571821891415037,0.102252103048142,-1.51999120265821,-0.285912497081499,-0.309633386824141,-0.403901992939884,-0.823742994489464,-0.283263782156003,0.049525686687599,0.206536543024476,-0.18710806982075,0.0007530142574977,0.0981166059546266,-0.553470968822753,-0.0783055021726955,0.0254273775211197,1.77,0
27.0,-0.246045948703835,0.47326690335701,1.69573755374059,0.262411487973117,-0.0108664136529745,-0.610835935296661,0.793936545512066,-0.247252830908628,0.138879113774066,-0.401007068346067,-0.812050381942678,-0.183524462361787,-0.630112887102238,-0.286217451066222,-0.337046323577501,-0.42810547355755,-0.0306021083323427,-0.504568166264421,0.355180278263647,0.0457211272611911,-0.194599935207223,-0.335132725895693,-0.0781796063470994,0.392783891527158,-0.0311571467736638,0.198036799472821,-0.175347300741823,-0.203616155701414,30.49,0
27.0,-1.45218727859439,1.76512373913739,0.611668540757038,1.17682498424561,-0.445979892057813,0.246826451919258,-0.257566155685306,1.0924724973132,-0.607524461211062,0.0471555530038123,0.783726853195604,1.0963856736135,-0.26809420573452,0.768648040128495,-0.524367354238622,-0.808816147106875,0.710386067439587,-0.11836878699997,0.979287835535805,0.0087133337974753,0.0822798172206588,0.325782190832103,-0.069107391080501,0.0209619966159794,-0.0446684875032122,-0.243441391677247,0.149180325186687,0.120556907850199,1.8,0
29.0,0.996369531566045,-0.12258878723806,0.546819472613086,0.706579541087689,0.134559557409452,1.15699511200606,-0.294561331432968,0.407429099419853,0.337862663634561,-0.408150492552647,0.682646123949549,1.25371968484033,0.391917044082342,-0.0375108583595551,0.795301519477008,-1.6682105913656,1.32299488209244,-2.83003522867318,-1.46343168833485,-0.203461209817417,-0.0763018365480559,0.108866913420892,0.162230940339532,-0.575624047818567,0.109794914589208,0.373813367278979,0.0505521972760614,0.005105559200114,20.53,0
29.0,1.11088034163339,0.168716770722767,0.517143960377807,1.32540691997371,-0.191573353787583,0.0195037226488424,-0.0318491084003128,0.117619919555324,0.017664720727696,0.0448647914479061,1.3450747987323,1.28633962057665,-0.252267065685462,0.274457682308765,-0.810394372378945,-0.587005063447401,0.0874510738489092,-0.550473628153257,-0.1547493550961,-0.19011971084361,-0.0377086544989231,0.0957014620432248,-0.0481976468634584,0.232114939125133,0.606200748965636,-0.342096828961882,0.0367696053150443,0.0074799607310723,6.54,0
32.0,1.24905471963177,-0.624727077037783,-0.710588903536079,-0.991600360912692,1.42997319213398,3.69297701929891,-1.09020864122523,0.967290815452715,0.850148519454057,-0.307081111779614,-0.456245308321934,0.229981349844581,-0.0169130995868782,-0.220846086114885,0.362417698896289,0.315222304210749,-0.512265445432752,0.11899461869584,0.574720159539024,0.0978526921491637,-0.0062927141556399,0.0092002245106097,-0.129463200605864,1.11297017048455,0.500382108623099,1.19654919930281,-0.0482204354357297,0.0050936219837684,29.89,0
32.0,-2.00887179458613,2.19852650316899,0.144241739942708,1.15943226211997,-0.815174287845416,0.182288271256805,-0.617108301549016,1.53081672758398,-0.586832286254875,0.129875750830725,0.658479448325034,1.26504921848771,-0.2065181664078,1.01360321158387,-0.549413509634851,-0.708034201312287,0.869643169489364,-0.0956595595028157,0.944395409086946,0.0287401249115119,0.0949173066809993,0.294982704383812,0.0110813838630497,0.0152493720986061,0.0342106363420669,-0.236141101571547,0.128290672598229,0.117985989919298,2.35,0
33.0,-0.607877142993026,1.03134507783793,1.74044973731533,1.23210555042311,0.418592260222944,0.119168118951909,0.850892666335631,-0.176267418873834,-0.243501347955064,0.148455489833925,-0.387003094237291,0.398299276642617,0.48191674848907,-0.3654390925945,0.235544572141109,-1.34781146032981,0.504648259572464,-0.798404510811433,0.759710307289684,0.254324777846538,-0.0873291909450489,0.258315279877507,-0.26477502289338,0.118282367139248,0.173508081148748,-0.217041286803197,0.0943119126010652,-0.0330412960342469,14.8,0
33.0,-0.935731508971261,0.170415774156885,2.74626126916024,-1.07796491232198,-0.305594036012037,0.011577039242069,-0.296178450741079,0.402775569749032,-0.0404717463090409,-0.852045975590358,1.55210930576859,0.953561030493519,0.415429902142844,-0.233899924821916,0.452335831951489,0.844368276957724,-0.822739085535726,0.338821621743895,-1.21423442764473,-0.0054194502901122,0.401212016276093,1.06486425408903,-0.15832543563046,0.295505486260758,-0.259369647631841,0.754194722556598,0.0466637698225124,0.093947918225147,9.1,0
34.0,-0.762255665726893,0.127767751953647,2.65005638571315,-1.87566277123804,-0.893356398126455,-0.268714889488759,-0.419863596621261,0.146233406715251,-0.869635290154597,-0.0386516694016891,-0.686124387103008,-0.502910878643487,1.38082632218495,-1.03912460633328,0.652842089032808,1.89874756257003,-0.458413549068005,-0.559803242547051,-0.295102639926884,0.359392905714987,0.433349641511561,1.26040266443393,-0.404700036155232,0.0949455232807396,0.480975976870017,-0.0906846797223101,0.319222972697776,0.135599924615913,15.99,0
34.0,1.13831556625444,0.0569559699973862,0.649418964599217,0.873062040924213,-0.468466330715866,-0.410194552246249,-0.0138975543027732,-0.0724396093157116,0.306787909036459,-0.269952637390657,-0.0026018478230343,1.12430421589913,0.744206684168937,-0.188353421358499,-0.07566196255573,-0.70919227171914,0.381219102546287,-1.37208017404084,-0.273701149259017,-0.078354632808708,-0.16422241479465,-0.247400539229342,0.0594050645049741,0.456286465174056,0.361004003525112,0.274414145848337,-0.0024983624466545,0.017108846940255,21.34,0
34.0,-0.291540244596543,0.445575313725742,1.2497521162384,-1.73573588991416,0.0857555587180682,-0.121924299130972,0.40771585706035,0.095309377625631,0.815902286836031,-1.49118801152726,-0.846191380399744,0.0565325500897555,-0.058953530005169,0.151922601756511,1.9825948818916,-0.443295054363626,-0.318251412005902,0.0647871665050688,0.613505272287834,-0.0335223445539186,-0.0649061469721262,-0.120448981687137,-0.156525633679736,-0.800212850852097,-0.0006203916899638,-0.835203307198696,0.131001420802654,0.0628962699466281,18.95,0
34.0,0.201685891430752,0.497483215432781,1.3739125741005,0.571405317647578,-0.630657750142243,-0.539659123772599,-0.0762702908119869,-0.917105750019037,0.270008406215231,-0.480280682110825,-0.512532739970476,0.680906258686799,0.089923036521968,-0.157405056857078,-0.588819331688659,-0.477908445696603,0.22538879557879,-0.668680159238467,-0.0235994213112055,-0.222302592236684,0.718961069869173,-0.17187687023179,-0.16620525458887,0.776471323845633,0.818460355548391,0.442547455443563,0.142757246943121,0.219237609708497,9.99,0
35.0,1.38639697419213,-0.794209465382612,0.778224190591254,-0.864708433897642,-1.06413227965342,0.351296173582744,-1.19145458338703,0.052685634312249,-0.304404039275229,0.576516808924066,-1.63111176189277,0.0425595121222894,2.04789831589105,-0.739338428608896,1.45622204419365,-0.272049582980028,-0.932007398445801,1.92653220035244,-0.659939172907678,-0.273032886609131,-0.228726645592863,-0.123522420123964,-0.131025121563502,-0.929668178912028,0.181379006488932,1.19492806430879,0.0005313318862034,0.0199106229397932,30.9,0
35.0,-1.06323567874519,1.41819062554828,1.08667286312649,1.24143960031209,0.0023061261107108,0.0459015812190403,0.514120896637259,0.241252403456357,-0.154499951014978,0.280672622055497,-0.531948028103641,0.589857529006045,0.555086956115103,-0.116357328890885,0.165886171204421,-1.23721002679517,0.638414233299701,-0.776070594624742,0.692805890042676,0.235008925706976,-0.0572284702226962,0.314152998030344,-0.129862928270599,0.11428370785009,-0.0278124769514765,-0.259937015630799,0.118753639651127,-0.0089562977983754,20.22,0
35.0,1.19935593362078,0.129953154513887,0.863584970776281,1.00263476869323,-0.783761014593659,-0.884679005672016,-0.0407432757589571,-0.208068511671504,0.392477871628745,-0.248177899888804,-0.0953627524727861,1.31413104809224,1.0916814094227,-0.409346352255035,-0.577994104632916,-0.581283742420706,0.212342679791527,-0.893181252962422,-0.0206528853522847,-0.0726201259267691,-0.0424680857272564,0.198474051899343,-0.0330099751170921,1.01329013084481,0.559097511348329,0.401817534390101,-0.00586465649,0.0179360319171187,0.99,0
36.0,-1.00492933857661,-0.985977681437715,-0.0380388289597724,3.71006135915003,-6.63195083213121,5.12210258142297,4.37169125592055,-2.00686750606648,-0.278736460739287,-0.230872923441907,0.145155263239837,-0.0631560504596301,-0.79958507056403,-0.341956368039262,-0.930529781903999,0.510510185482595,0.0924281060557055,0.823984132238812,1.19039780013038,-0.0019799776918582,1.39340600409007,-0.381671395166542,0.969719175646086,0.0194447958389348,0.57092281345927,0.333277781691674,0.857373192365587,-0.0755382461617961,1402.95,0
36.0,-1.16942245796433,1.15831387032695,1.40679953629777,0.860188897348956,-0.103809888790759,0.122034779552914,0.264451377145263,-0.108766588645948,-0.181976611127934,0.659592648943552,0.45631688991831,-0.097762710197907,-0.346158686301307,0.210182391368661,2.34522933348286,-1.1726476833364,0.860018873573656,-1.15422426573603,0.858768026366302,-0.120560177945327,0.0244979038810766,-0.120153158421006,0.212986045163239,0.0875357633653697,-0.946529684037448,0.226700388710984,-0.810100768391406,0.234956581343876,7.99,0
36.0,1.09552460629831,-0.116085345733392,1.39791191546724,1.49754690019101,-1.0491239994212,0.0728385348036489,-0.723802080255301,0.287532472980736,0.996326812363796,-0.149144652839117,-0.508291668719983,-0.0278409029803608,-1.32155975244457,-0.0624044666639764,0.505750535601976,-0.209298470605219,0.207536533977023,-0.471334706912941,-0.736297582236995,-0.275034578640693,-0.0332341723097201,0.0932618845502939,0.0894983953019386,0.361261297686165,0.250962947610691,-0.378279979683085,0.0810238996896179,0.0342269381560285,2.09,0
37.0,1.29566762073068,0.341483451353791,0.0815051987484797,0.566746069705835,-0.110458773277264,-0.766324792720234,0.0731549033988192,-0.168304137620736,0.0718371100236598,-0.28104399420091,-0.549533938889144,0.0490931624959103,0.303950022826475,-0.316750192452704,1.13489720516941,0.635909577425588,-0.199763166132168,-0.122051064207473,0.0045161815786887,-0.0659833832780103,-0.323607229319987,-0.929781372142459,0.063808805668539,-0.193565114648984,0.287574217952475,0.127880985217088,-0.0237311930875266,0.0251996726837571,0.99,0
38.0,0.158331782301759,0.872687435246972,0.965524582020175,1.80212716128867,0.139021981009842,0.110863099962207,0.559079185876476,-0.0290709324327654,-0.394912253717594,0.0326744802467683,-0.500918900235755,0.631916037705799,0.754693616555678,-0.0476554686939835,0.348217616820134,-1.49352680501418,0.757230631601602,-0.68436921621072,1.30335875909536,0.089837782828709,0.116269965704937,0.691685038730085,0.121112830020818,0.116142167643855,-1.1127250116355,-0.303369145265663,0.32753280391296,0.255621383050512,21.76,0
39.0,-0.554064564931988,0.215728297966379,0.84426462904462,-0.753067316254495,0.0348484695858477,-0.558597247605412,1.09040095790026,-0.203873231509391,0.262393622286028,-1.35471021992455,-0.0948798795631494,0.953745991690559,0.836964039089714,0.14475220028962,1.15660953164838,-1.933020942756,0.741348957532257,-0.513609928080678,1.5673453867025,0.383282932954218,0.212133973378933,0.702337604074802,-0.0057006020965723,0.147346442427205,0.245651952176691,-0.440456209881165,0.147130419245981,0.13946773165502,120.96,0
39.0,-1.33088157532471,0.26754022707339,-0.168469573562158,-0.701232147988771,3.28197152637576,3.21638961502674,-0.0593943523071498,0.895430427879541,-0.0177788238187959,-0.165753217895266,-0.765047305633999,-0.0156362827296156,-0.356625989563243,-0.0412000005982097,-0.735103099898972,0.0305333144480771,-0.778067287751348,-0.0151596831713987,-0.152824068495873,-0.113875191254896,-0.151042302183246,-0.311726353053032,-0.374792812734778,1.01488604023913,0.353991877144656,-0.51032707197523,0.159032671096812,0.228707927508465,13.84,0
40.0,1.11069200372208,0.0819419013829698,0.406063037313593,1.29074038305994,-0.169813148258441,0.120955382832246,-0.080845204793183,0.17437308481531,0.152070726014375,0.0652667231931254,1.02454976986831,0.793137179599713,-1.01503970254654,0.422995451627276,-0.706629551160314,-0.488455357544419,0.0585314477120091,-0.383627225929433,-0.0740676980785363,-0.2198461004264,-0.0560239846247868,-0.0116030864282728,-0.070482892402791,0.0043451914572597,0.60392864054067,-0.327424451316207,0.0298896885491626,0.0049442961758508,13.84,0
41.0,1.15431211678574,0.265462317325236,0.384870524075104,0.575007040189308,-0.217475464731052,-0.391519648227507,-0.081488956561272,0.062789489939691,-0.26058332390039,-0.161677216936728,2.05292777700016,1.13082593391895,0.189484506115511,-0.0707926116953762,0.619345198096689,0.318582896539062,0.090232112025443,-0.331450411508532,-0.344721213431806,-0.0995797456243433,-0.193213341350887,-0.557685063301591,0.16949206868172,0.186862704114817,0.0892519829822865,0.0936262298809123,-0.0096326403632901,0.0196676927362536,2.67,0
41.0,0.986063325558912,-0.202964586766765,-0.492768147356141,0.407691274714408,0.305660256237429,-0.230529178948424,0.585028086151903,-0.208224591017666,-0.247503447978774,-0.192253127963734,-0.628317496088626,0.430307932699876,0.811248019884464,0.371566359048745,1.02607884858679,-0.0285013452690086,-0.3075461030699,-1.09965491470003,0.0107385063797803,0.263505047503593,-0.305873932586351,-1.21655526869515,-0.0776015256345218,-0.741340787959936,0.286881124869204,0.200346695511119,-0.0752033513991597,0.0272712185948336,169.05,0
41.0,1.1387593359078,-1.19295282747355,1.40713083554771,-0.330070103385594,-2.06950346000893,-0.242175406330976,-1.30663511427275,0.104510402617049,0.1346282320753,0.493931277386145,-0.8951875984556,-0.182695452453829,0.146080827117795,-0.586610838748991,0.797189022079305,-0.891720829484445,-0.0792078211726979,1.54158849386504,-0.983586179206678,-0.299307434385076,-0.156198371672557,-0.0305687768825267,-0.0197233842526695,0.433752601084651,-0.0295214595585981,1.14124130155645,-0.0086120603172964,0.0415638961546465,96.94,0
41.0,1.14552438734553,0.575067968122658,0.194008459987088,2.59819174498796,-0.0922100226629796,-1.0444295836732,0.531587592965216,-0.241888126572805,-0.896287173943134,0.757952330755115,-0.448937077852659,-0.660863324849119,-1.30852217275468,0.788863794122663,0.320294451189993,0.295403810318671,-0.28787845487047,-0.451452922896375,-1.01144616734405,-0.191049987046098,0.0111063338152907,-0.119703100297783,-0.0765095275824603,0.691320431435738,0.633983977143587,0.0487412744528967,-0.0531919416370361,0.0162514987654748,34.13,0
42.0,-0.249361327961551,0.399227372862504,0.068009333708328,-1.06061882632292,2.41039917069756,3.73657391553938,0.316446080126551,0.672296305826337,0.015140168440884,-0.269501562245437,-0.495120449984549,-0.161505830003069,-0.274214413311662,-0.27619076761852,-0.172408739733759,-0.118962106359993,-0.550002391086682,-0.148051640353341,0.771761782834217,0.107676349446719,-0.257662841099466,-0.616762290166941,-0.156668822049934,1.03113494324514,0.120617108005851,0.310494066716854,-0.288298624314493,-0.223964274021454,32.51,0
42.0,-0.522666281326226,1.00992300182961,0.276469594612311,1.47528945859934,-0.707012562987729,0.355242551803606,1.55984878741899,-0.399578612449174,-0.479812993616112,0.516352274838619,0.0343304585928822,0.589225512111296,1.4269098018209,0.0205102490819948,1.65133636674485,-0.961342569180643,0.24636005877088,-0.40753729696982,0.917399011636689,-0.0130160210270286,0.1724014772054,1.01154336015453,0.0696662727096649,0.15781974077871,-1.10922431803229,-0.302369335098658,0.318170337330597,0.316909559697327,243.66,0
44.0,-0.899992449383227,0.136254782203579,1.88366470990807,-0.208996095601994,1.05144062021155,1.90524133632435,0.241423250138503,0.647630723466254,-0.0534662496159594,-0.504170551077414,1.25459880723608,-0.236629189514631,-2.51758729019083,0.384573507124186,0.343832096830213,-1.37056313688268,0.958567981636055,-1.60724169293268,-0.647256440015303,-0.121725831425047,-0.0815002177255612,-0.0169258892202723,-0.147706272837016,-1.38462020304382,-0.0243520909920119,0.412659496074958,-0.106776267626847,-0.190475773260189,21.55,0
44.0,-0.7147640190509,0.514968588809346,1.82167562698994,0.616433633112349,0.848775614560403,-0.111938136930971,1.50561708184721,-0.798167297930687,0.244756558759933,0.264554166932915,-1.10811404262763,-0.359860224587481,-0.163471394515264,-0.78399685528552,-0.367152826926958,-0.653118889937787,-0.50429999683849,-0.260560360493109,0.435251051618086,0.107321716256365,-0.220075387734134,-0.0178447101595565,-0.431938291624419,-0.130458458758134,0.337158591609192,-0.440041535079763,-0.674526156912284,-0.473217566024028,59.9,0
44.0,-0.948896382774995,0.248413620091971,2.956914245378,2.81374999056136,0.145538801826429,-0.0273529716038449,0.133701634240577,-0.307534956765323,-0.125243760627442,1.03493960020462,-0.532647840011533,-0.189877966199305,0.0812221878395934,-0.939053267606033,0.081187230147607,-0.129784753449715,-0.17435346324256,-0.0902909933540908,0.222434544172135,-0.0561863263047544,-0.0836469065443144,0.416090081889729,0.207536734987955,0.716064035097256,-0.602311114532848,-0.0642300143639965,-0.315057518447682,-0.272463332248231,0.75,0
44.0,0.92706024886951,-0.323683971710722,0.387584831023695,0.544473988630298,0.246787394713325,1.65035780450716,-0.427576017481436,0.615370698363494,0.22627827499351,-0.225495240788102,1.94454487261209,1.38515995366242,-0.479261670753128,0.314166275947243,0.214167230654249,-1.33371647303753,1.0028690205298,-2.1193135015833,-1.05304305618293,-0.185390374533289,-0.0405130479745848,0.0793594012040047,0.0966317456875458,-0.992568668943493,0.0850958289136786,0.377447205341889,0.0360964213118972,-0.0059602860781829,45.71,0
46.0,-1.92321320363186,-0.870482324116727,2.32016962893044,1.98877580146727,0.417090785024797,-0.380013723200936,0.472139269598768,-0.557333241041249,-0.649079050397235,1.41088888300776,-0.517736958000633,-0.985201772757918,-0.400594745446622,-0.830664635864875,0.338009486308628,0.0299241758036659,0.37115031113381,-1.05431867206706,1.89036392388461,-0.36922739831731,-0.686487767489979,-0.779267566437133,1.08605501915054,0.518863427142479,-0.363712017511894,3.06557569653728,-0.589022174639728,-0.396109822649589,35.0,0
46.0,1.00658858258061,-0.0711053573592864,0.347613710129268,1.32968404626518,-0.193239540558001,0.155418220951582,0.0085735500453753,0.146537701158532,0.103844303499997,0.0318300248431995,1.07098086659495,0.940664826248853,-0.729473777220335,0.380114784646787,-0.729126304640312,-0.493402464675541,0.0435558761530204,-0.405289649578765,-0.092584543842081,-0.091366856699256,-0.0202386866152166,-0.0188806243664369,-0.120966187234267,0.0273817885188254,0.59386362410547,-0.334687921975777,0.0213680104004056,0.0150804012744551,67.97,0
46.0,-0.378244634508222,0.732925473144789,-0.12015421084374,0.18575507207311,2.59426949152718,3.79718265118537,0.0590879612001456,0.976768278020551,-0.412660864918736,0.0067536882536664,-0.624666242175613,-0.115851957802005,-0.215037272965066,0.14044940338935,0.160265566475215,-0.601890179366329,-0.144355315240532,0.221557464920078,1.45485216223185,0.315571560739074,-0.107581845449129,-0.157139517354471,-0.194659196235448,1.01389734659882,0.145503366823794,-0.237619522591439,0.411371737390151,0.202788454962588,11.45,0
47.0,1.19783859904952,0.236827617702066,0.509605001633564,0.657658659875326,-0.365487846531556,-0.745101067219334,0.079497447992953,-0.130535519206068,-0.0522631188334045,-0.110057897667251,0.307131474741218,0.670664429232084,0.437973609417859,0.269026235243189,1.12741944172679,-0.196922570885677,0.0077036739360352,-1.12264047790795,-0.590917690926777,-0.120981428275126,-0.149875596688501,-0.374210667597001,0.145515985807902,0.414983921314997,0.212156010664903,0.181724249919295,-0.0164021340612288,0.0159942089881169,3.63,0
48.0,-0.580628965016257,0.482683933097182,1.33312308028373,-0.253080022676203,-0.0284689398233383,-0.519165700319527,0.503249460809705,0.117773482896021,0.117112238017822,-0.420487538793211,0.449718913713424,-0.0178648303429265,-1.98382317941023,0.321663489232864,-1.42530187959129,0.125194163398465,-0.404409451618886,0.0977768572186709,-0.0205312679140408,-0.298750730213523,-0.0421423262477711,-0.148707275565971,0.0014511649771445,0.302764487325416,-0.680714199200363,-0.0155539239808445,-0.0063070043421348,0.164222205343532,21.66,0
48.0,-1.79340624422786,1.85460399082838,0.979513976644481,1.11226152645262,-0.206402962131258,-0.199545668092445,0.6166424042353,0.0641803531775705,0.690271532341837,1.55172381714636,-0.16196484167768,0.424213060982246,0.0159444010110314,-0.405832818314697,0.271930432913219,-1.42302064864536,0.676324382969801,-0.911048300036704,0.461845498112606,0.667846871696291,-0.180722525691681,0.235138169654476,-0.0914415713260925,0.417654473831525,0.122733846237321,-0.232985041190746,0.811879841478301,0.618568311939622,26.72,0
49.0,1.09860834614642,0.202423563829101,0.525455971945753,1.32343627201394,-0.130486421204476,0.0399243070766149,0.0283794159028238,0.0728410708847139,-0.0978693519806861,0.0195129951686423,1.47441332090063,1.68967421758435,0.506780523264567,0.125136664522659,-0.89270971177356,-0.621679133317781,0.0443402665913568,-0.642093954200622,-0.161986891000608,-0.128040892456864,-0.0249716784462107,0.154264260038072,-0.0631467432547598,0.253205307138793,0.629405434975953,-0.345344655387218,0.0404693378711826,0.010263750026757,13.18,0
49.0,-0.549626144798035,0.418949153525597,1.72983325235597,0.203065373845713,-0.187012387610491,0.253877551885213,0.500893777771598,0.251255794962937,-0.227984854678695,-0.57616941989126,1.10203189400426,0.823707807488722,-0.569509883571002,0.0087100734926358,-1.04141380966471,-0.603403099556728,0.225483728892329,-0.352132599922745,0.194946380855442,0.0169703706662638,0.115062465548237,0.418528728119492,-0.0651327882454082,0.264980785082018,0.0039582203418182,0.395968888989273,0.027182102239278,0.0435057557098948,59.99,0
49.0,0.921543679723553,-0.0670837542257563,0.0774610275787093,0.953638217022313,0.0674124629108227,0.0161524649547512,0.32045155695341,0.0385340276125158,-0.391512665081147,0.0315602452397677,1.39169118010671,1.07936321996869,0.106267711683997,0.665985251334808,0.44225355774887,0.122646354959781,-0.492391586114359,-0.535140313996294,-0.0780818341113634,0.120050785637899,-0.333929581340575,-1.29991956674342,0.0843109903360168,-0.370397871198817,0.155101565371628,-0.834490365033198,0.0009090651979645,0.035546875724878,135.51,0
50.0,-0.571520749961747,1.07160044939815,1.28011024961142,0.542780003052458,0.574438986516567,-0.259359265830457,1.0611484151742,-0.410971967925814,-0.17913018113825,1.00350065764887,1.06238226849436,0.159422388058099,-0.2898603137468,0.0058047463548285,0.46044095320685,-0.22103526461389,-0.775852454545776,0.657023315008206,0.80758291868891,0.354730634765855,0.0035585200804449,0.561240486431022,-0.199286719692043,0.0013873893822527,-0.179529951929609,-0.374115725753305,0.0716414539902948,-0.175510468698003,9.79,0
50.0,-0.671708547741052,0.59450259438803,0.216415943954576,-0.867310638854276,2.96690830110092,3.63249487373809,0.563295074740477,0.673025596986071,-0.188766143762422,-0.404378291830518,-0.699710626192874,-0.184142608712838,-0.426813033653942,-0.183001108223398,-0.747731683219242,-0.0377075788937061,-0.866459638474451,-0.007257320260008,-0.160432044223361,-0.0027843343756349,-0.136440966831564,-0.300362025601945,-0.331691623416602,0.996382470868604,0.502469492348796,-0.51804304841771,-0.208275755084745,-0.116048406394516,14.8,0
51.0,1.25987313565004,0.25423957645842,0.51478862825195,0.620924297433486,-0.475930098771269,-0.992285839202021,0.0664165097996613,-0.209275058074655,0.0355715653783499,-0.0676158213568395,-0.204107263687151,0.402596690697874,0.376647694351449,0.227135013294715,1.02499612132291,0.29953171476471,-0.426046050892739,-0.550315065603572,-0.119898968647883,-0.0889700937046651,-0.256530535925767,-0.739211692487821,0.135732380872138,0.38198986620837,0.219301891750154,0.0942906925877441,-0.0286866677208069,0.019197591087878,1.98,0
52.0,1.14736892702922,0.0590346445535856,0.263632341401774,1.21102345823936,-0.0440955788263387,0.30106650133832,-0.132959855687363,0.227885136251461,0.252191237226831,0.083903938117339,0.645046450909254,0.413361748049543,-1.46803602930219,0.502861187887764,-0.626936022547138,-0.369716051829749,-0.0317992395701179,-0.215342173803487,0.0550196503583034,-0.255923874900886,-0.0878134178536766,-0.110756406773342,-0.0977707247600232,-0.323374178237458,0.633278881348768,-0.305327819106935,0.0273941237350875,-0.0005804646888181,6.67,0
52.0,-3.00523672241459,2.60013820219461,1.48369073726212,-2.41847295513682,0.306326406574465,-0.824574531939418,2.0654256392882,-1.82934658938092,4.00925851665725,6.05152135077273,2.57250018194268,0.0668507400137308,-0.353574309497439,-2.83713599830894,0.292226879668893,-0.303773839706442,-1.94230314485255,-0.435449716450276,-0.934016115189154,2.45672404561526,-0.852308858371298,-0.181268483843722,-0.163746504079237,0.515820525800135,0.13631843199517,0.460053967482399,-0.251258637837596,-1.10575115708552,1.46,0
53.0,-1.19896767411718,-1.47410047094211,1.8403259873066,-4.51582435488105,0.327567428246331,-0.174469282834848,0.959725705478786,-1.0264562279545,1.70043458447966,-0.0789417612044958,1.66266714493598,0.485619299748722,-0.93302495795613,-1.11878656487932,0.14125304079379,-2.81188754821512,-0.504745809870121,0.891222663154531,-1.51202243652326,-0.769854286810439,-0.453169416973525,0.334614040441455,-0.364541412466894,-0.310185782073785,-0.30259949355198,-1.24392415371264,-1.12345654520885,-0.73435108581633,89.17,0
54.0,1.20239832807905,0.321711386607054,0.281210894488001,0.643688582463962,-0.148668596204498,-0.589738666993022,0.0484125495667614,-0.0933612495778056,-0.042934036363588,-0.343245662317894,0.235106050512859,0.569881915499773,0.676330388590739,-0.351249746003609,1.29513005856263,0.164859782332548,0.246413935319911,-0.804462522225513,-0.561740542791253,-0.0707505670634631,-0.251113124454264,-0.680155165043549,0.148162526526488,0.0470615008737034,0.157049745885238,0.121934641489905,-0.0046078983353112,0.0294181090910756,7.53,0
55.0,-4.57509260816239,-4.42918377474876,3.40258500379828,0.903914679904333,3.00222377368078,-0.491077708080676,-2.70539316304114,0.666451302156469,1.92221617202329,-0.614312027380396,0.384926576987595,1.1944034523469,-1.02071845428099,-1.24682940571382,-2.34867343715332,-0.213437533486602,-0.100221744823898,-0.406073073481075,-1.63757251876291,-0.960962933953718,-0.0473650289231517,0.853359934678944,-0.971600429208365,-0.114861639404699,0.408300391838859,-0.304576465887789,0.547784788743973,-0.456296829036198,200.01,0
55.0,-0.773450000458189,0.85311249436819,0.818253541761677,-0.236070161217933,0.803462538724049,-1.43872833170719,0.799479364773059,-0.0079889996292541,-0.761089558526749,-1.04446403350044,1.50413489421274,-0.291634167856543,-1.61543302342075,-0.665286835592656,-0.292983045822984,0.803106054187593,0.462149366883927,0.83464109457954,-0.65179683321786,-0.10085848950269,0.0353615493510926,-0.116890316122963,-0.178926346760491,0.400155137444786,-0.0262306839064335,0.16515568350303,0.027761800392197,0.132979788496602,0.76,0
56.0,-0.847998365598453,1.04345933028073,1.26736889218816,1.13552949012637,0.0213621025987426,0.336914104132828,0.398479742797849,0.317399165838859,-0.0286579453593501,0.534033192472464,0.811280074910828,-0.0710028675857182,-1.96905159541282,0.450006443181567,-0.263173073378825,-0.968361412949194,0.459253723662508,0.0037711921426382,1.00071625183199,0.128621717056598,-0.0240461057456474,0.215006397493466,-0.131981589595316,-0.0074156268132539,-0.136578135429545,-0.242960778206656,0.38293084682331,0.276416935663384,20.22,0
56.0,0.0869961905163749,-0.0519887420255876,-0.497882441560081,-3.1519078565141,2.5584003623555,2.79667096978255,0.470283270790146,0.265332802943643,0.919513460198576,-0.735585687981152,0.208724948743441,0.0171306492463427,-0.110866963820059,-0.0426768695073913,1.65414036352275,-0.392648022607194,-0.875960217366143,0.183946189187007,1.25938002787067,0.167231088284993,-0.239425579903453,-0.437342143719405,0.0184257681232037,1.01303776342658,-0.258926558625905,-0.293189252573023,-0.394955581242805,-0.435995593150792,10.84,0
59.0,-0.773292609110981,-4.1460072502577,-0.932037567076045,0.0270936838890165,-1.69830732179181,0.460187805225441,0.737344474460422,-0.314215581514513,-0.84267253845447,0.0172757940177998,-0.617560331727886,-0.197503535476567,1.59495759349141,-0.259878797128783,1.22102546560587,1.32463951224473,0.120540185550046,-1.24864887121931,-0.0050697910852248,2.44278177400485,0.890977779336871,0.0261225750123657,-1.1347693370818,-0.654958249952389,0.0983862618989874,-0.209149914074031,-0.171709156383653,0.208056641158863,1142.02,0
59.0,0.921024018835922,-0.16244686110781,-0.0943313673869069,0.474083926327042,-0.0214859605972665,-0.397506306685279,0.482642978539503,-0.117495974844976,-0.577836031422653,-0.0186071371400667,1.83757918303173,1.45067106438787,0.679743972842061,0.593718449923865,0.249734697673045,-0.0843672205235,-0.25970727981991,-0.894995460456715,-0.0103739416854655,0.214510447897743,-0.209381106373359,-0.930107296377023,0.0285099107931845,0.0326820091099104,0.155130495109473,0.133250470013276,-0.0735342308160852,0.0223491449446096,149.9,0
60.0,1.06914138489519,0.0437859251672304,0.309867290850673,1.31669399295505,-0.462393623949898,-0.857887604269692,0.207903690796087,-0.191269941989371,0.0563978989012889,0.041567455076056,-0.507358124813112,-0.108666220084406,-0.473257348257937,0.452045889971559,1.00567481039881,0.185441397662765,-0.43997575238942,0.0125391476665563,-0.498587992492488,-0.001998251424376,0.115775449915834,0.164781092368047,-0.177564054530198,0.391890569748269,0.624681738099145,-0.288376427654957,-0.0013118335796052,0.0358115192931624,89.4,0
60.0,1.10702937694843,0.216441000371351,0.538378149708233,1.47639799266774,-0.251941920499494,-0.340679706912496,0.154091744631261,-0.0865025456332286,0.144420201120718,-0.157374627687008,-0.107560297694088,1.0663256573792,0.620788366839222,-0.0708893376688794,-0.203857982828647,-0.853479419330768,0.336478013774869,-1.17953172110404,-0.501729107425755,-0.111852535538935,-0.0600374501076493,0.0598841227860989,-0.0475263664778327,0.443992418636119,0.640295758747984,-0.337657130668521,0.0421084838919154,0.024264710006858,26.72,0
62.0,-1.03510581776689,0.996013127817514,2.19247013559677,-0.170445302779918,-0.302319738525738,-0.142255767700287,0.223431774448596,0.289043410118421,0.0941408906153459,-0.157858732844487,-0.386373549409945,-0.628633662180404,-1.02395821122071,0.0984338746976314,1.56228876196439,0.168577701728536,-0.148826411284152,-0.285927210472601,-0.483363894151224,0.180287626805096,-0.098000008392506,-0.17024584412346,-0.13722752704315,0.0552282789358353,0.0793475542063078,0.302032602113411,0.391377349974797,0.196599880665289,5.99,0
64.0,1.21251089095254,-0.0990542956039435,-1.19209409463426,0.286323561509755,2.16051625183209,3.61631350966622,-0.40420689806665,0.842330951647993,0.169360420742526,-0.0305221765721243,-0.541957258023106,0.237212014866616,-0.218129648703274,0.197436520971338,-0.147850245921019,-0.0978301417256899,-0.51005250120389,-0.0709392806421485,0.355170583653159,0.0147774396345371,-0.167496336516951,-0.494694569848075,-0.149785450968464,1.01122655467101,0.883547704730387,-0.329433810592075,0.020370145679431,0.0170370863505012,34.7,0
64.0,-0.658304934095684,0.40679056737153,2.03746063876455,-0.291297974417195,0.147909808593845,-0.350857291958021,0.945373213135361,-0.172560016733978,0.0251333984849018,-0.778134723733662,-0.196289801937262,0.632955261826373,0.374025171567011,-0.531597207426503,-0.615062565100624,-0.518078459185166,0.0038808953194806,-1.2889540744158,-0.797804485217222,0.0641328738661188,-0.156095760618683,-0.238804964891445,0.0898771773985113,0.421195367129561,-0.352487134227907,0.0747827424634443,-0.0941921697507859,-0.0924931304008813,54.99,0
64.0,0.95960165851223,0.370711304613933,0.888613370045565,2.34324410302247,0.352490841084755,1.36551460619135,-0.277770730462741,0.516053179747465,-0.700929045055026,0.468216239367258,0.745611509947132,0.373531002993358,-0.223918285866667,0.417438142069896,1.67840014345469,-0.515701600237187,0.662478668271888,-2.5142351135941,-2.5896875748614,-0.298404520795831,-0.155547160729115,-0.403239315684771,0.356504034074842,-0.696881458915448,-0.198717970162506,-0.220267915515142,0.0685461961358583,0.0207973154161409,7.55,0
67.0,-0.653444627294995,0.160225076852038,1.59225555524082,1.29683228357565,0.997174923623236,-0.343000302409134,0.469936930779834,-0.132470081994361,-0.197794077439788,-0.105005538081425,-0.543662210926971,0.302233022635964,0.141211078726449,-0.207880443553101,0.0241083998795536,-1.20687659191564,0.39483638189259,-0.750955630206426,0.440558481170408,0.225920346918541,0.0383629679790368,0.336449012374641,-0.0148828328356718,0.102959010243,-0.265322060067868,-0.34863668662622,0.0112384491290326,-0.0494783399721492,19.85,0
67.0,-1.49466784074271,0.837241399963629,2.62821061790607,3.14541437889465,-0.609098388854424,0.258495000688512,-0.0121886133587805,0.102136035246365,-0.286163596824287,1.19855632464938,-0.550295668711412,-0.106845988520745,0.208014288229433,-0.680510402769635,0.507763583158711,-0.260264022558778,0.246631323902287,0.0088555043842422,0.899415801359582,-0.0283519350532205,-0.140047358057139,0.355044183811602,0.332719988435228,0.718192517148152,-0.219366046114324,0.118926551385282,-0.317485702168288,-0.340783397650643,28.28,0
68.0,1.23299646466342,0.189453733510593,0.491040320659271,0.63367266144682,-0.511574423739396,-0.990608798945491,0.0662404784461449,-0.196940298822464,0.0759209605441686,-0.0660598957776733,-0.255743256644626,0.255156784643456,0.105247332677582,0.284676541283834,1.05732211324487,0.315890891000563,-0.411940025745081,-0.51191158053807,-0.120427106464189,-0.0778705743363889,-0.251566497035248,-0.770138762362471,0.125997504609162,0.369627369686229,0.205597702423389,0.0940615942779856,-0.0331379753440025,0.0209903940215084,15.99,0
406.0,-2.3122265423263,1.95199201064158,-1.60985073229769,3.9979055875468,-0.522187864667764,-1.42654531920595,-2.53738730624579,1.39165724829804,-2.77008927719433,-2.77227214465915,3.20203320709635,-2.89990738849473,-0.595221881324605,-4.28925378244217,0.389724120274487,-1.14074717980657,-2.83005567450437,-0.0168224681808257,0.416955705037907,0.126910559061474,0.517232370861764,-0.0350493686052974,-0.465211076182388,0.320198198514526,0.0445191674731724,0.177839798284401,0.261145002567677,-0.143275874698919,0.0,1
472.0,-3.0435406239976,-3.15730712090228,1.08846277997285,2.2886436183814,1.35980512966107,-1.06482252298131,0.325574266158614,-0.0677936531906277,-0.270952836226548,-0.838586564582682,-0.414575448285725,-0.503140859566824,0.676501544635863,-1.69202893305906,2.00063483909015,0.666779695901966,0.599717413841732,1.72532100745514,0.283344830149495,2.10233879259444,0.661695924845707,0.435477208966341,1.37596574254306,-0.293803152734021,0.279798031841214,-0.145361714815161,-0.252773122530705,0.0357642251788156,529.0,1
4462.0,-2.30334956758553,1.759247460267,-0.359744743330052,2.33024305053917,-0.821628328375422,-0.0757875706194599,0.562319782266954,-0.399146578487216,-0.238253367661746,-1.52541162656194,2.03291215755072,-6.56012429505962,0.0229373234890961,-1.47010153611197,-0.698826068579047,-2.28219382856251,-4.78183085597533,-2.61566494476124,-1.33444106667307,-0.430021867171611,-0.294166317554753,-0.932391057274991,0.172726295799422,-0.0873295379700724,-0.156114264651172,-0.542627889040196,0.0395659889264757,-0.153028796529788,239.93,1
6986.0,-4.39797444171999,1.35836702839758,-2.5928442182573,2.67978696694832,-1.12813094208956,-1.70653638774951,-3.49619729302467,-0.248777743025673,-0.24776789948008,-4.80163740602813,4.89584422347523,-10.9128193194019,0.184371685834387,-6.77109672468083,-0.0073261825777121,-7.35808322132346,-12.5984185405511,-5.13154862842983,0.308333945758691,-0.17160787864796,0.573574068424352,0.176967718048195,-0.436206883597401,-0.0535018648884285,0.252405261951833,-0.657487754764504,-0.827135714578603,0.849573379985768,59.0,1
7519.0,1.23423504613468,3.0197404207034,-4.30459688479665,4.73279513041887,3.62420083055386,-1.35774566315358,1.71344498787235,-0.496358487073991,-1.28285782036322,-2.44746925511151,2.10134386504854,-4.6096283906446,1.46437762476188,-6.07933719308005,-0.339237372732577,2.58185095378146,6.73938438478335,3.04249317830411,-2.72185312222835,0.0090608363953452,-0.37906830709218,-0.704181032215427,-0.656804756348389,-1.63265295692929,1.48890144838237,0.566797273468934,-0.0100162234965625,0.146792734916988,1.0,1
7526.0,0.0084303648955825,4.13783683497998,-6.24069657194744,6.6757321631344,0.768307024571449,-3.35305954788994,-1.63173467271809,0.15461244822474,-2.79589246446281,-6.18789062970647,5.66439470857116,-9.85448482287037,-0.306166658250084,-10.6911962118171,-0.638498192673322,-2.04197379107768,-1.12905587703585,0.116452521226364,-1.93466573889727,0.488378221134715,0.36451420978479,-0.608057133838703,-0.539527941820093,0.128939982991813,1.48848121006868,0.50796267782385,0.735821636119662,0.513573740679437,1.0,1
7535.0,0.0267792264491516,4.13246389713003,-6.56059996809658,6.34855667313983,1.32966566904142,-2.51347884762413,-1.68910220031328,0.303252800547589,-3.13940905736457,-6.04546779778801,6.75462544809695,-8.94817857893317,0.702724998099873,-10.7338541032306,-1.37951985681718,-1.63896011485587,-1.74635013628103,0.776744097926754,-1.32735663549015,0.587743219006407,0.370508651493253,-0.57675247317433,-0.669605371766238,-0.759907529538618,1.60505555017462,0.540675396428899,0.737040381683977,0.496699108168337,1.0,1
7543.0,0.329594333318222,3.71288929524103,-5.77593510831666,6.07826550560828,1.66735901311948,-2.42016841351562,-0.812891249491333,0.133080117970748,-2.21431131204961,-5.13445447110633,4.56072010550223,-8.87374836164535,-0.797483599628474,-9.17716637009146,-0.25702477514424,-0.871688490451564,1.31301362907797,0.773913872552923,-2.37059945059811,0.269772775978284,0.156617169389793,-0.652450440932299,-0.551572219392364,-0.716521635357197,1.41571661508922,0.555264739787582,0.530507388890912,0.404474054528712,1.0,1
7551.0,0.316459000444982,3.80907594667829,-5.61515901119457,6.04744510216478,1.55402595692572,-2.6513531120137,-0.746579273100222,0.0555863112529252,-2.6786785422399,-4.95949291161496,6.43905335158373,-7.52011739288703,0.38635166741077,-9.25230724747513,-1.36518841502051,-0.502362190618164,0.784426598154274,1.49430460743838,-1.80801215867357,0.388307428238927,0.208828369001674,-0.511746619200722,-0.583813220813723,-0.219845029091423,1.47475258440688,0.491191925656006,0.518868284577287,0.40252806767232,1.0,1
7610.0,0.725645739819857,2.30089443776603,-5.32997618300917,4.007682804682,-1.73041059025206,-1.73219256822244,-3.96859261813707,1.06372815344105,-0.486096552344833,-4.62498495406596,5.5887239146762,-7.14824263637845,1.68045074096412,-6.21025774661028,0.495282117814298,-3.5995402092184,-4.83032424210571,-0.649090120211694,2.2501232487881,0.504646226103286,0.589669127323198,0.109541319229913,0.601045276521079,-0.364700278220039,-1.84307769215194,0.351909298434892,0.594549978086464,0.0993722360416487,1.0,1
7672.0,0.702709900098753,2.42643280600508,-5.23451329584052,4.41666124290876,-2.17080621591773,-2.66755356121463,-3.87808845483572,0.911337122229195,-0.166199039175942,-5.00924850212751,4.67572941865677,-8.16718805173089,0.638559282180499,-6.76333439062322,1.29686025605627,-3.81175840977789,-3.75412806618729,-1.04917740227906,1.55419726345897,0.422743129198702,0.551179689117248,-0.0098023573132531,0.721698230069415,0.473245751402033,-1.9593037711687,0.31947554010746,0.600484916486359,0.129305225096566,1.0,1
7740.0,1.02387386852139,2.00148526626613,-4.76975183220974,3.81919458538265,-1.2717542273697,-1.7346624268403,-3.05924503160896,0.889804791975203,0.415382113237262,-3.95581234352737,3.57205481558784,-7.18645159050588,0.147242340802109,-5.24930454889762,1.67833367358535,-2.64147310915178,-1.31205856007348,-0.391716050952505,1.11826355175812,0.204137684042271,0.343282648722251,-0.0541956644068491,0.709653952497143,-0.372215866946976,-2.03206836614816,0.366777602071192,0.395170669257609,0.0202055389458413,1.0,1
7891.0,-1.58550536691994,3.26158454822833,-4.13742198305023,2.35709625199132,-1.40504331370135,-1.87943719306477,-3.51368687087654,1.51560674568816,-1.20716636120056,-6.23456133227108,5.45074606689486,-7.33371406736393,1.36119332407831,-6.60806825219469,-0.481069424899829,-2.60247787045261,-4.83511205239717,-0.553026089102902,0.351948943356815,0.315957258937511,0.501543149467536,-0.54686881157389,-0.0765836358993043,-0.425550366841581,0.123644186352002,0.321984539336613,0.264028160503965,0.132816719764592,1.0,1
8090.0,-1.78322883722709,3.40279371307631,-3.82274226552205,2.62536815276644,-1.97641541136284,-2.73168901231308,-3.43055914949085,1.41320351399318,-0.776941494554916,-6.19988176274188,4.36671348631445,-8.24326243368313,0.345761165232579,-6.59055029705192,0.265576095932165,-3.02845238846152,-4.21448627485607,-1.21360784773725,-0.265421595374812,0.364089115014408,0.454031931736316,-0.577525824201459,0.0459665375362652,0.461700017592254,0.044146161217817,0.305704433918549,0.530980986346765,0.243745598122111,1.0,1
8169.0,0.857321003765953,4.09391182702914,-7.42389358948559,7.38024451788662,0.973366022888688,-2.73076151658057,-1.49649705633444,0.543015172692922,-2.35119015933267,-3.94423849794435,6.35507773663404,-7.30974798382371,0.7484505505775,-9.05799252943745,-0.648944909074786,-1.07311652692728,1.52450091526025,1.83136353283608,-0.0897244112241547,0.483302650495284,0.375026285129017,0.145399853347782,0.240603265009756,-0.234649222710157,-1.00488094720044,0.435831916241838,0.618323805168482,0.148468944379397,1.0,1
8408.0,-1.81328048476897,4.91785071056565,-5.92612969400656,5.70150043141163,1.20439257214362,-3.03513754815611,-1.71340206347108,0.561257390902032,-3.79635425171163,-7.45484065078351,7.38805512292025,-10.4752286504099,-0.379314526756117,-11.7367291212569,-2.08698895215593,-2.44235398293755,-3.53552351168246,0.130360306640887,-2.07145048844325,0.576656033332069,0.615641835107552,-0.4064272753179,-0.73701807643754,-0.279641772215917,1.1067663744335,0.323885477719453,0.894766671515833,0.569518600269514,1.0,1
8415.0,-0.25147096006823,4.31352332575143,-6.89143771650147,6.79679668055103,0.616296505250374,-2.96632654187403,-2.43665252687714,0.489327898838014,-3.37163857159343,-6.81081309938215,7.62008905836908,-10.2852825163315,-0.342444334069655,-11.5434979157865,-1.3349879032835,-2.68928420445067,-3.20438340295762,0.0865218956911394,-1.31449509665307,0.632709963789826,0.536892074447128,-0.546126023729244,-0.605239547613772,-0.263743459593593,1.53991583077868,0.523573696680871,0.891024688365269,0.572740666549584,1.0,1
8451.0,0.314596589729515,2.66067027657541,-5.92003738034463,4.52249960508858,-2.3150272861839,-2.27835165394776,-4.68405393631569,1.20227026523098,-0.694695511200349,-5.52627805985834,6.66243683071252,-8.52546492534563,0.742745446888019,-7.67866801029943,0.593070459066131,-4.47813659534324,-5.84426647937357,-1.1027307945783,2.17738568653903,0.562705643312244,0.743314023428983,0.0640383555765096,0.677841675250346,0.0830078227438395,-1.91103446375022,0.322188398435937,0.620866538820488,0.185030354728703,1.0,1
8528.0,0.447395553302475,2.48195386638743,-5.66081393141405,4.4559228120932,-2.4437797540431,-2.18504026247234,-4.71614294470093,1.24980325173147,-0.718326066573691,-5.3903302556601,6.45418752494833,-8.48534657377678,0.635281408794591,-7.01990155916612,0.53981407134798,-4.6498642988132,-6.2883575087823,-1.33931232244731,2.26298478762517,0.549612970886705,0.756052550277073,0.140167768675,0.665411100673545,0.131463791724986,-1.90821741154788,0.334807598686864,0.748534284767756,0.175413794422896,1.0,1
8614.0,-2.16992897559082,3.6396539992044,-4.50849778617728,2.73066814884895,-2.12269287053048,-2.34101682766366,-4.23525308290613,1.70353765763508,-1.30527913344307,-6.7167200227127,6.35361231915591,-8.60164826276464,0.449930038237225,-7.50616937408145,-0.438081781812467,-3.69451599830956,-6.30475338603049,-1.26758712788115,0.357987030484253,0.5007790539507,0.645103275621378,-0.503529448911197,-0.0005228218182992,0.0716957787676742,0.0920074334247208,0.308497931577036,0.552590914653841,0.298954478709399,1.0,1
8757.0,-1.86375555343732,3.44264397684973,-4.46825973145511,2.80533625940251,-2.1184124774924,-2.33228488731467,-4.2612371974404,1.70168184397858,-1.43939587542941,-6.99990663386522,6.31620967716699,-8.67081800476226,0.316023991908777,-7.41771206475053,-0.436537471366146,-3.65280196004741,-6.29314531907376,-1.24324829133852,0.364810482193887,0.36092400372093,0.66792657242141,-0.516242362128804,-0.012217811746839,0.070613703103445,0.0585044669560628,0.304882839588584,0.418012467185258,0.208858278145839,1.0,1
8808.0,-4.61721720415581,1.69569365346656,-3.11437220079491,4.32819855298178,-1.87325699086527,-0.989908135538263,-4.57726462658038,0.4722161584519,0.472016953377646,-5.57602263642415,4.80232276125089,-10.833164469314,0.104303875698575,-9.40542306160986,-0.80747786866047,-7.55234220350747,-9.8025617903912,-4.12062883466552,1.74050729036196,-0.0390459343384186,0.481829697240067,0.146023056445948,0.117038527549065,-0.21756459883966,-0.138776043706563,-0.424452881068275,-1.00204142597227,0.890780287970655,1.1,1
8878.0,-2.6618021745564,5.8563932148043,-7.65361621324071,6.37974188053221,-0.0607121191362683,-3.13154973153662,-3.10356974550479,1.77849156945338,-3.83115371623455,-7.19160424618226,7.10298858788516,-9.92869994299538,-0.0674983775194601,-10.924186865147,-1.69791397714032,-2.37942098527078,-2.77511389701838,0.273798971252603,-1.38218756352589,0.399096860264863,0.734774950378595,-0.43590118187623,-0.384765904180568,-0.286015663843443,1.00793382365812,0.413195532462339,0.28028415690056,0.303936550639395,1.0,1
8886.0,-2.53585211738111,5.79364414692454,-7.61846283574893,6.39582974649419,-0.0652101046678037,-3.13637196409103,-3.10455736262141,1.82323263760971,-3.87865758023391,-7.29780335001461,7.07166913682445,-10.001046368327,-0.207934540884304,-10.8606980453666,-1.69082504118249,-2.36085672411086,-2.76009701528795,0.29810341564323,-1.38555780172735,0.408704184487524,0.716719907055995,-0.448059938458541,-0.402406878680357,-0.288835222564699,1.01175223958707,0.425964621387216,0.413139555823146,0.308204656968305,1.0,1
9064.0,-3.49910753739178,0.258555160773118,-4.48955807274398,4.85389435139681,-6.97452154477167,3.62838209065084,5.43127092073166,-1.94673371078472,-0.775680092900109,-1.9877731876087,4.69039566550924,-6.9980424321007,1.45401198637847,-3.73802333366749,0.31774206255503,-2.01354268083989,-5.1361351026702,-1.18382211654359,1.66339401354543,-3.04262575715977,-1.05236825623151,0.204816873569406,-2.11900744010783,0.170278608305444,-0.393844118118335,0.296367194488607,1.98591321801306,-0.900451638402827,1809.68,1
11080.0,-2.12548982597957,5.97355569173344,-11.0347272274446,9.00714687170235,-1.68945053397167,-2.85441528535313,-7.81044074525876,2.03086994595841,-5.90282812214984,-12.8409338181318,12.0189131816199,-17.7691434633638,-0.431035658230095,-19.2143254902614,-0.962464574748091,-10.2666091836641,-15.5033921000669,-5.49492764246329,-0.410480977392724,1.49377464554928,1.6465182926595,-0.278484510810644,-0.664841293974353,-1.16455536944202,1.70179641354046,0.69080561470369,2.11974873337031,1.10893340333617,1.0,1
11092.0,0.378274504006009,3.91479678866992,-5.72687201536627,6.09414095882864,1.69887526405022,-2.8073139468834,-0.591118212837213,-0.123495593086659,-2.53071281390832,-5.15309460989926,4.65408842254301,-7.83953899762349,1.37181858033581,-9.63468971263612,-0.739596855842826,-0.663203945673478,0.891934540534899,0.978675639075006,-2.00547660274646,0.440439440893876,0.149895683076911,-0.601967245529085,-0.613724335539499,-0.403113687819411,1.568445255978,0.52188393400233,0.527937749881352,0.411910405834512,1.0,1
11131.0,-1.42662331260887,4.14198623236944,-9.80410344235714,6.66627300324451,-4.74952679326515,-2.07312900595144,-10.0899311630826,2.79134529885187,-3.2495156171301,-11.4204509744097,10.8530116481991,-15.969207520809,0.546690084634152,-14.690729133641,0.91233739988339,-12.2271892780267,-18.5873662058916,-6.92076186060174,3.16699890688552,1.41067765264616,1.86567876848945,0.407809281593599,0.605809354312964,-0.769348118123441,-1.7463368287861,0.502039516709683,1.9772583297728,0.711606531209485,1.0,1
11629.0,-3.89119195123086,7.09891625215749,-11.4264670967961,8.60755678650129,-2.06570621026229,-2.98528802203595,-8.13858941693861,2.97392807853452,-6.27279046836547,-13.1934150665232,11.6197234753825,-17.6316063138707,-0.355194389515515,-18.8220867423816,-1.2831290856146,-10.0310966568698,-15.2270075099256,-5.32200898058982,-0.501750653452579,1.38261899967275,1.75708522742867,-0.18970915318715,-0.508629244173448,-1.18930816877394,1.18853649934791,0.605241885913626,1.8815287524148,0.875260407222375,1.0,1
11635.0,0.919136507326981,4.19963266902077,-7.53560659365729,7.42694037455047,1.11821533001319,-2.88672235145027,-1.34103599607144,0.363933268353337,-2.20322443100109,-4.13784019622865,4.57011280759332,-7.62916958856017,1.73391746350254,-9.44037499459843,-0.0233533498971062,-1.23395828198259,1.63200885764087,1.3157345644727,-0.287188855297045,0.535434663150233,0.316093599204254,0.0551792270194195,0.21069215028398,-0.417917881438145,-0.91118827562932,0.466523924588163,0.627393270472548,0.157851282541588,1.0,1
12093.0,-4.69679522444504,2.69386747884008,-4.47513271259153,5.4676845487781,-1.55675807549758,-1.54942028904253,-4.10421487278526,0.553934075416293,-1.49846813107494,-4.59495176285009,5.27550585077254,-11.3490285500915,0.374549235103921,-8.13869488434773,0.548570894168134,-6.65359434741365,-10.2467554066001,-4.19106626655491,0.991486122257293,-0.158970548660611,0.573898081112651,-0.0801627753981571,0.318407817148194,-0.245862202650853,0.338238431564141,0.0322706213908033,-1.50845793363219,0.608074682590101,0.0,1
12095.0,-4.72771265581559,3.04446910225824,-5.59835426695611,5.92819080241929,-2.19076972938784,-1.52932296564747,-4.48742195988547,0.916391814103266,-1.3070104231933,-4.13889121357616,5.14940878300581,-11.1240186070579,0.543067765541171,-7.84094220494304,0.743633944785042,-6.77706923974191,-9.93176515376766,-4.09302112201074,1.50492485905709,-0.207759445103882,0.650988236282379,0.254983288954681,0.628843468802127,-0.23812845429317,-0.671332331960485,-0.0335900627800998,-1.33177732223058,0.705697590023144,30.39,1
12393.0,-4.06400473842815,3.10093489093256,-1.18849800365476,3.26463274045175,-1.90356235801726,0.3203505872957,-0.954940039087007,-3.27753491983773,2.82082866173719,1.01511287978593,3.18718689736493,-7.00432728360605,0.872710605485111,-6.22060535304292,-0.904444629573358,-3.07509188469837,-5.04473569177435,-1.71808268516882,-0.662462068430895,-0.531897693292296,1.68866543097474,-0.0788446980063478,0.19373092657711,0.479495953884992,-0.50660305739906,-0.409862744197452,-3.03627132936069,-0.630605198840545,179.66,1
12597.0,-2.58961719821269,7.01671438495857,-13.7054072869097,10.3432280604117,-2.95446103475574,-3.05511578527804,-9.3012886151434,3.34957336071614,-5.65421202641103,-11.853866972601,11.6692047358121,-17.2286622386187,0.0555715664836118,-18.4937733551053,-0.304172113519045,-10.6294973901353,-14.4412111342765,-5.10548646597228,1.2702262705049,1.48885519236896,1.88773772551451,0.333998184533223,0.28765904061745,-1.18640640906644,-0.690272670076388,0.631703772210546,1.93422076005943,0.789687172212655,1.0,1
13126.0,-2.88004235163471,5.22544230971559,-11.0633302799459,6.68995065770063,-5.7599239886738,-2.24403079081521,-11.1999752166959,4.01472180864313,-3.42930426351801,-11.5619497720699,10.446846814514,-15.4790524832016,0.734441608104148,-13.8837785491112,0.821439545395249,-11.911483017197,-18.1030037037729,-6.83783453880068,3.12692935212663,1.19144396640797,2.00288287701632,0.351102064721284,0.79525514045211,-0.778379381413672,-1.64681511254223,0.487538823287331,1.42771309550336,0.583172486219188,1.0,1
13323.0,-5.45436177939673,8.28742055534983,-12.7528112729386,8.59434189301081,-3.10600228114338,-3.17994875686414,-9.25279393795831,4.24506220985367,-6.32980084623466,-13.1366983691039,11.228470279576,-17.1313009454468,-0.169401056814124,-18.0499976898594,-1.36623566099065,-9.7235653091894,-14.7449024646768,-5.24730110631125,-0.574675143795817,1.30586191483437,1.84616479291417,-0.267171794223081,-0.310803969751621,-1.20168545799806,1.35217609502433,0.608424596360403,1.57471478384204,0.808725205090233,1.0,1
14073.0,-4.15301449873357,8.20479650456012,-15.0317142097481,10.330099825448,-3.99442609736294,-3.25001318447365,-10.4156978119079,4.62080391044331,-5.71124797098224,-11.7971810675777,11.2779207278067,-16.7283393320915,0.2413676825577,-17.7216383537133,-0.387299923381284,-10.3220166783853,-13.9590853730538,-5.03071003831832,1.19726633504633,1.41262488019492,1.97698839609887,0.25651048717528,0.485908106513804,-1.19882131436036,-0.526567394687845,0.634873502483478,1.62720907623952,0.723235068518316,1.0,1
14152.0,-4.71052878230567,8.63621438967976,-15.4962220036783,10.3133493732845,-4.35134098287048,-3.32268873543923,-10.7883728387388,5.06038112024979,-5.68931118776998,-11.7121866242875,11.1524905985837,-16.5581971409376,0.302644522406362,-17.4759212828566,-0.412393267331071,-10.222203169604,-13.7991476446987,-5.00858517858957,1.16202614780693,1.43423977941906,1.9905453513529,0.223785002572736,0.554408428563337,-1.20404159623154,-0.450684594730258,0.641836059375492,1.60595762479265,0.721643614506061,1.0,1
15817.0,-4.64189285087538,2.90208643306647,-1.57293870931742,2.507298518227,-0.871782564349351,-1.0409025722626,-1.59390073966645,-3.25490508581579,1.90896268593707,1.07741752106048,3.33850216040272,-6.54261034532574,1.09953638182128,-3.26647554459315,1.01472790444294,-4.84238307827835,-5.269876299726,-2.34466857415508,1.95922405409272,-0.465679220344122,1.96359666634146,-0.217413915973245,-0.54933995583883,0.645545202036521,-0.354557818794591,-0.611763845006479,-3.90808047547799,-0.671248265147117,11.39,1
17187.0,1.08837493830851,0.898474023721059,0.394684329076182,3.17025757451452,0.17573879687403,-0.221980885195245,-0.0229887284923858,-0.0108735366656839,0.860043617194172,-0.592472935320844,1.07272839973578,-2.54755681422931,1.23595005675711,-0.330305803751441,-1.02235437464957,0.335642172519614,2.29899822072815,-0.1620962094812,-1.53270721248432,-0.217358192249005,-0.423553904215867,-0.800852284805578,0.0776144554303444,0.167608452574198,0.350181817443194,-0.118940929478619,0.0129477659306532,0.0542542721018558,3.79,1
17220.0,1.18978435670385,0.942289402014327,0.0823341450498769,3.02404970580847,0.412406009418248,-0.214414558479438,0.0535578385040748,-0.110353351082093,0.883797757350066,-0.554223900525873,0.154921008931302,-2.77675657494788,1.6412066261065,-0.45607695680899,-1.24041439240797,0.857322735948866,1.70702446635297,0.526349196477535,-0.865104609842214,-0.143434644974988,-0.502635558485173,-1.04739752764089,-0.0567520238885425,-0.340688404752184,0.541235201259928,-0.0983002868955662,-0.0030411199129353,0.049819020358336,3.79,1
17230.0,-0.469326705102944,1.11145278248281,2.04100272504592,1.73159516277684,0.135146841769907,-0.0936251754891053,0.266155169970928,0.0829882363836626,0.58025540346041,-0.164562674892883,0.500376369958899,-3.0217601822032,0.924213260310925,1.50079377517002,-0.400282644242405,0.706047712602575,0.115114264650572,-0.0467958788933584,-2.54852159198286,-0.358708665630957,0.159387389394564,0.592669568808717,-0.0535961838321624,0.320747502076217,-0.36912075429213,-0.136604684929151,-0.100845186803931,0.03934714768212,3.93,1
17520.0,-5.26805322089363,9.06761342731767,-15.9607281345144,10.2966027898053,-4.70824109122294,-3.39537485177836,-11.1610570028797,5.49996263444947,-5.66737554592835,-11.6271935556579,11.0270590938161,-16.3880541668327,0.363921486512734,-17.230202160711,-0.437487559248993,-10.1223919213552,-13.6392089915234,-4.98645725844229,1.12678437819631,1.45587819528,2.00410994522741,0.191058399384387,0.622927669875126,-1.20926355739155,-0.374798862642666,0.64879803679546,1.58469734677224,0.720055870245492,1.0,1
17838.0,-5.18787810836635,6.96770866359565,-13.510931139095,8.61789514115238,-11.2144223939458,0.6722478387604,-9.46253281088355,5.32870420774381,-4.89700552817542,-11.7868116556041,9.36907905765884,-15.0941631493865,1.25637700700759,-11.8521613037824,0.274429814172421,-10.6882417917386,-18.3888105354245,-6.89884013301839,2.38280793552097,-0.623737291574186,2.08608300107406,0.760190240866359,0.716805785858217,-0.646743429628277,-1.61704292571624,0.172346889503238,0.626646780979254,-0.169726031129409,766.36,1
18088.0,-12.2240206243564,3.85415032971366,-12.4667657248211,9.64831072711484,-2.72696132147655,-4.44561038185083,-21.9228110340575,0.320792273696859,-4.43316165783721,-11.2014000859835,9.32879925655782,-13.1049334662012,0.88848078772943,-10.140200337183,0.713465392614318,-10.0986706554809,-17.5066115481045,-8.06120798966267,1.60687003263877,-2.14718143950284,-1.1598299509044,-1.50411888189644,-19.2543276173719,0.54486672601225,-4.78160552206407,-0.0077722810999307,3.05235768679424,-0.775035651186717,1218.89,1
18399.0,-14.4744374924863,6.50318451651946,-17.7126323688621,11.2703523334822,-4.15014206409808,-3.3720982088695,-16.5358068114174,-1.4439469925952,-6.81527289964437,-13.6705451263516,10.5452629545898,-15.0226996343749,0.171633085144947,-15.0663743633461,-0.259575939555838,-8.6687392723375,-12.8041408991277,-5.11662049533788,0.579200358016368,1.10124987016838,-2.47596222945688,0.342390706034285,-3.56450803816097,-0.81814019000188,0.153407682695978,0.755079460824454,2.70656616161759,-0.992916047059418,1.0,1
18675.0,-12.3396031574122,4.48826730168204,-16.5870729373632,10.1072738734101,-10.4201989827431,0.130669811857349,-15.6003233044816,-1.15769598093331,-5.3046309683427,-12.9389293107706,8.80568196718575,-13.5561301301468,1.16546376028499,-9.80988150207055,0.369987279150665,-9.50521044515487,-17.5420303090874,-6.79263778723153,2.06937744931751,-0.0855014634055812,-2.0896096332232,1.74531450014405,1.37681580939778,-0.554271418366818,-1.61074085196174,0.153725444536768,1.2124772080589,-1.86929047595671,188.78,1
18690.0,-15.3988450085358,7.47232389650112,-19.0269123426632,11.165525840514,-6.89385628014845,-2.12093657486019,-14.9133299850456,-0.721214094320184,-7.1750966153358,-14.166794659606,10.2777688628065,-14.9854337328686,0.345179234077653,-14.6663889726541,-0.346352541965346,-8.33324249555463,-12.6025964553952,-4.87668342078337,0.604625910708604,1.11150221461014,-2.44488368228,0.727495341024629,-0.345078151264077,-0.981748551471828,0.995271346300177,0.816761717958274,2.26294237384391,-1.17806316323334,1.0,1
19762.0,-14.1791651073631,7.42136996239257,-21.405835744128,11.927511869244,-7.97428068736155,-2.20271027666529,-15.4716122801735,-0.356594909586509,-6.38012489838839,-13.3482776536659,10.1875873241664,-14.5639797552132,0.59375935763569,-14.4915983463022,-0.281392503951236,-8.2641288443605,-12.4398049728466,-4.83707902601307,0.753149847889189,1.00276434172175,-2.36683606243662,1.13095519799655,0.991153238179024,-1.03313210707298,-0.327179344936207,0.634692903522304,2.17190494464567,-1.39528768393339,1.0,1
20011.0,-14.7246270119253,7.87515679273047,-21.8723173644566,11.9061699078901,-8.34873369160876,-2.26284641969245,-15.8334427819606,0.0778736741759969,-6.35683349086288,-13.2616517082667,10.0637897462894,-14.3947668016721,0.654888723464231,-14.2483158270781,-0.305360761401071,-8.16163244506225,-12.2809648581754,-4.81858639342974,0.719787682108791,0.996468755724792,-2.36234492751884,1.09955729576975,1.03719942301307,-1.03635934178889,-0.254776514154375,0.642343201018144,2.16112922373151,-1.40128201963858,1.0,1
20332.0,-15.2713618637585,8.32658106147414,-22.3385905133352,11.8853128922128,-8.72133435613386,-2.32430694897567,-16.1964186599881,0.512881820424485,-6.33368515594745,-13.175198078736,9.93981974172569,-14.2254557039818,0.716033665192873,-14.0047761755606,-0.329447848153274,-8.0594194070953,-12.1220088158237,-4.79971013254961,0.686227163597458,0.993121017282391,-2.3568962794623,1.06801917704623,1.08561716724338,-1.03979707801119,-0.182006136246673,0.649920860777984,2.14924707788821,-1.40681133211222,1.0,1
20451.0,-15.8191787207718,8.7759971528627,-22.8046864614815,11.8648680803607,-9.09236053189517,-2.38689320657655,-16.5603681078199,0.948348594786058,-6.31065843275059,-13.0888909176936,9.81570317447819,-14.0560611837648,0.777191846436601,-13.7610179615936,-0.353635939812489,-7.95744722625995,-11.9629542349435,-4.7805077876172,0.652498045264831,0.992278949261366,-2.35063374523783,1.03636187430048,1.13605073696052,-1.0434137405139,-0.10892334328198,0.657436778462222,2.13642447085514,-1.41194537483904,1.0,1
20931.0,-16.3679230107968,9.22369194937548,-23.2706305232856,11.8447765860728,-9.46203714585895,-2.45044437416398,-16.9251520440555,1.38420847895884,-6.28773594816964,-13.0027093010697,9.69146098207319,-13.8865951585248,0.838361375836116,-13.5170724083842,-0.377910607106286,-7.85568149439455,-11.8038151924676,-4.76102594206856,0.618624412799665,0.993584598744375,-2.34367359429797,1.00460241382139,1.18821215709493,-1.04718376839983,-0.0355727659827232,0.664899774367373,2.12279575423083,-1.41674061492574,1.0,1
21046.0,-16.9174682656955,9.66990017304097,-23.7364434105216,11.8249902296814,-9.83054822917941,-2.51482887310345,-17.2906566748216,1.8204078670595,-6.26490348784789,-12.9166361091709,9.56711029521397,-13.7170673789468,0.899540705915631,-13.2729650621928,-0.402260044266312,-7.75409405936683,-11.6446032058862,-4.74130270962407,0.58462597267458,0.996745095162688,-2.33611095619483,0.972754726208974,1.24186581168063,-1.05108624820763,0.0380090796054737,0.672317065099677,2.10847085205046,-1.42124325273233,1.0,1
21419.0,-17.4677100117887,10.1148157246654,-24.2021422329158,11.8054692105913,-10.1980458075926,-2.5799380080012,-17.6567879964837,2.25690247596699,-6.24214930949065,-12.8306571996417,9.44266526535108,-13.5474858999444,0.960728558325579,-13.0287170264518,-0.426674498701321,-7.65266166506753,-11.4853277896478,-4.72136957553102,0.550519004149565,1.00151850195952,-2.32802441621057,0.940830319350178,1.29681706144136,-1.05510390359967,0.11179202805362,0.679694612203418,2.09354057112569,-1.42549145377361,1.0,1
21662.0,-18.0185611876771,10.5586001882538,-24.6677412485732,11.7861803616399,-10.564656569212,-2.64568119936245,-18.02346767268,2.69365540308048,-6.21946362785238,-12.7447607871859,9.31813768535999,-13.3778574339457,1.02192386777466,-12.7843458873548,-0.451145843251939,-7.55136493140559,-11.3259968724596,-4.70125277749548,0.516317073274611,1.00770320533757,-2.31947946208034,0.908838783150801,1.35290370698024,-1.05922233762791,0.185750941504222,0.687037383632165,2.07808058379956,-1.42951702264525,1.0,1
25095.0,1.19239598990768,1.33897371069007,-0.678876186687009,3.1236723071222,0.643244863589275,-1.18432299431215,0.397585526006899,-0.253498538261658,0.41113497684127,-0.859862301810301,1.124059382453,-3.76387384832398,0.367975966769142,-0.971757538368114,-0.0138825132357776,1.45757852763076,2.61145033447876,1.2919552295122,-1.56381522671193,-0.185454650142832,-0.377503243008699,-0.889596747960403,-0.0742075893964193,0.0354455164139561,0.550577974200231,-0.0271712789934873,-0.0249206212266212,0.0736053986634045,3.12,1
25198.0,-15.9036352020113,10.3939171427504,-19.1336024646827,6.18596883540498,-12.5380209157442,-4.02703044708406,-13.8978265981985,10.6622517826007,-2.84495398482036,-9.66878891236125,7.39441941053863,-11.6356300484755,1.42327692545531,-8.64045910049478,-0.674719538892936,-7.69556878829619,-13.6841395944616,-4.77740603940726,1.26834277321029,1.50156541071894,1.57754822493456,-1.28013712313136,-0.601294526869194,0.0404039214626868,0.99550197117886,-0.273742711729157,1.688135896398,0.527830799573719,99.99,1
25231.0,-16.5986647432584,10.5417508026636,-19.8189818085279,6.0172946473619,-13.0259010501237,-4.12877900260013,-14.1188648469369,11.1611439952369,-4.09955143059712,-9.22282550730978,6.32936467621872,-8.95219071159749,-0.138363691274054,-9.82505442102721,0.0572235922374037,-7.54168742379503,-14.2595985921417,-5.03505152375192,1.43226792970939,1.53491982113512,1.72585282658181,-1.15160577552799,-0.680051901875725,0.108175914514646,1.06687834149611,-0.233720431391328,1.70752055210726,0.51142316911239,99.99,1
25254.0,-17.2751911945397,10.8196653713117,-20.3638859739149,6.04661174671427,-13.4650333517322,-4.16664724489873,-14.4094479851747,11.5807967244857,-4.07385571204177,-9.15336803834587,6.21088301172371,-8.77857203246194,-0.0613674966661798,-9.57466229922106,0.0492885399107771,-7.41848727872681,-14.1027718764864,-5.01642333521081,1.39031436050276,1.54497046707519,1.7298040916597,-1.20809608165502,-0.726839224163999,0.112539673508366,1.11919347248491,-0.233188990129274,1.68406299250578,0.503739738280361,99.99,1
25426.0,1.12533553530785,1.13014648418496,-0.962975334759173,2.67568785863118,0.990074518469203,-0.243317741184431,0.316192138064781,0.122960131988498,-1.1433427947576,-0.369908966047961,1.83449419801385,-0.491243315415958,-1.12990700459946,-2.23862224442526,0.27846874170613,1.47792560308038,1.77645429510255,1.14928218583042,-1.30699464468423,-0.138813697509247,-0.166736918429935,-0.52193383894905,-0.112376257435029,-0.592076750460089,0.520791314299405,0.0433535805717847,0.0151590212632604,0.0636117222853327,3.76,1
26523.0,-18.474867903441,11.5863805198184,-21.4029168131391,6.03851541556808,-14.4511581398683,-4.14652350569915,-14.856123673178,12.4311404723263,-4.05335328722588,-9.04039624894471,5.96620250720685,-8.46396612952571,0.0786921317878341,-9.09253265181295,0.0108220973904713,-7.1863755078292,-13.7974745003699,-4.95849390971089,1.32116655982617,1.5779244011474,1.74113559593371,-1.25113794883836,-0.396219126116475,0.0957055555718895,1.32275094272025,-0.217954564863573,1.62879253147016,0.482248274865402,99.99,1
26556.0,-19.1798264145873,11.8179219897853,-21.9191735807843,6.0862356342864,-14.7088447898427,-4.30888760741835,-15.3579518065836,12.8571650181242,-3.99986076978115,-8.9286556608751,5.8492930661792,-8.26164983722413,0.153829148314596,-8.82935922766409,0.0088788388257268,-7.0709530089254,-13.6297209427085,-4.9588298158479,1.27209136353211,1.572949614923,1.74680154191934,-1.35314876613352,-0.762965072731218,0.117027851903743,1.29799375563032,-0.224825057048525,1.62105238966989,0.4846144027264,99.99,1
26585.0,-19.8563223334433,12.0958932259299,-22.4640827464876,6.11554110191771,-15.1480215209615,-4.34672408349599,-15.6485074722661,13.2768048056341,-3.97416161954102,-8.85919405880884,5.73081553744459,-8.08803351213651,0.230824969324902,-8.57897327333454,0.000946636693186,-6.94774606726094,-13.4728970076501,-4.94021082886802,1.23014255193802,1.58292955492187,1.75072984045421,-1.40963570908141,-0.809809278333882,0.121396659905885,1.35030007077468,-0.224291873525585,1.59762136835254,0.476919818025438,99.99,1
26833.0,-20.5327510764355,12.3739891389716,-23.0090029136283,6.14482097803751,-15.5872960035928,-4.38449066917613,-15.9390026942523,13.696416119399,-3.94845491908543,-8.78972336330438,5.61234710799626,-7.91442236630349,0.307819968365149,-8.32860088836825,-0.0069792945896379,-6.82452417207669,-13.3160791903173,-4.9216120866876,1.18820420779718,1.59275393136331,1.75460760918813,-1.46611525253641,-0.85677863566488,0.125776576475404,1.40258698975375,-0.223754856770293,1.57424873519633,0.469200693158523,99.99,1
26863.0,-21.2091195927913,12.6521968313004,-23.5539329441267,6.17407791004356,-16.026658125511,-4.42219459449987,-16.2294437253382,14.1160019049786,-3.92274144947115,-8.72024451506225,5.49388683652872,-7.7408158639401,0.384814230466723,-8.078240669038,-0.0148996037313368,-6.7012888702885,-13.1592668578419,-4.90303149501704,1.1462752482696,1.60243883702914,1.75844007534189,-1.52258816196329,-0.903860197993699,0.130166452450156,1.45485651906738,-0.223214403323927,1.55092845004664,0.461459566763514,99.99,1
26899.0,-21.8854339051741,12.9305051249875,-24.098871851647,6.20331419234722,-16.4660991227874,-4.45984212550286,-16.519835984614,14.5355647151916,-3.89702188761405,-8.6507583293562,5.3754339072439,-7.56721354069937,0.461807829323489,-7.82789139878016,-0.0228148529460228,-6.57804150255676,-13.0024594617382,-4.88446723880536,1.10435473489394,1.6119982189969,1.76223176917351,-1.57905510076487,-0.951042744820554,0.13456529188962,1.50711039768212,-0.222670856855594,1.52765527810284,0.453698638993223,99.99,1
26931.0,-22.5616992591298,13.2089042844176,-24.6438187771226,6.23253182330679,-16.905611362323,-4.49743871970001,-16.8101841919321,14.9551067734604,-3.87129682308601,-8.58126551626339,5.25698760960799,-7.39361499215009,0.538800829120431,-7.57755201800709,-0.030725531904052,-6.45478323655342,-12.8456565242928,-4.86591773720169,1.06244185030067,1.62144422472126,1.76598663639159,-1.6355166467436,-0.998316503452087,0.138972227361725,1.55935014018173,-0.22212451669,1.5044246600224,0.445919826109776,99.99,1
26961.0,-23.237920244511,13.4873857909274,-25.1887729688701,6.26173255148578,-17.3451881651558,-4.53498915241687,-17.1004924771637,15.3746300252798,-3.84556677176243,-8.51176669710133,5.1385473219039,-7.22001986441493,0.615793286019405,-7.3272215995796,-0.0386320690669864,-6.33151509399145,-12.6888576275064,-4.84738160696153,1.02053587929144,1.63078748322503,1.76970812949114,-1.69197330547661,-1.04567292278161,0.143386499863412,1.61157707182701,-0.221575644736264,1.48123260638065,0.438124804842523,99.99,1
27163.0,-23.9141008948243,13.7659421584186,-25.7337337663194,6.2909179135006,-17.7848236618953,-4.57249762015164,-17.3907644695894,15.7941361803271,-3.81983218698836,-8.44226241787632,5.02011249777419,-7.0464278465108,0.692785249374773,-7.07689932873899,-0.0465348409616521,-6.20823797273981,-12.5320624040465,-4.82885763250639,0.978636193358608,1.64003733516462,1.77339928248294,-1.74842552125898,-1.09310448820022,0.147807442391992,1.66379235724108,-0.221024471156944,1.45807561131952,0.43031504868091,99.99,1
27187.0,-24.5902447690465,14.0445667815106,-26.2787005866145,6.32008926518927,-18.2245126736673,-4.60996782569686,-17.6810033715155,16.2136267471409,-3.79409346877414,-8.37275316035861,4.90168265513877,-6.87283866404082,0.769776762734501,-6.82658448658054,-0.0544341798176028,-6.08495266503583,-12.375270529796,-4.81034474126699,0.936742237936608,1.64920202229571,1.77706277243531,-1.80487368611576,-1.14060456917063,0.152234466415679,1.71599702403257,-0.22047119903665,1.43495058143483,0.422491857762666,99.99,1
27219.0,-25.2663550194138,14.3232538097233,-26.8236729135114,6.34924780743689,-18.664250613469,-4.64740304866878,-17.9712120192706,16.6331030618556,-3.76835097141465,-8.303239351259,4.78325736701241,-6.6992520739678,0.846767864669643,-6.57627643636006,-0.0623303798952992,-5.96165987257541,-12.2184817176797,-4.79184198325342,0.894853521838799,1.65828884445902,1.78070097046593,-1.86131814726914,-1.18816729293127,0.156667050663465,1.76819198236914,-0.219916008250323,1.41185477685432,0.414656383638367,99.99,1
27252.0,-25.9424344479142,14.6019980426299,-27.3686502881266,6.37839460769688,-19.1040334039646,-4.68480620428185,-18.2613929340355,17.0525663121462,-3.74260500983864,-8.233721369876,4.6648362538527,-6.52566786025865,0.92375858946558,-6.32597461208273,-0.0702237027595964,-5.83836021908828,-12.0616957125199,-4.77334851403019,0.852969608454831,1.66730429040185,1.78431598423494,-1.91775921336107,-1.23578743924962,0.161104731783341,1.82037804128869,-0.2193590586868,1.38878576213598,0.406809649908512,99.99,1
27784.0,0.288028928428076,0.965681439446855,-1.45949519977085,1.92186300234526,-1.91241402974899,-1.13028190025527,-2.81426265960526,0.648663224885543,-0.695262639845074,-3.46568908576121,2.35161910622909,-3.82670531942496,-0.767569849115369,-4.8528669146236,1.66486300420352,-2.61736133003734,-4.83555830647772,-1.92175160139324,-0.385884175181753,0.330916894188196,0.603127128021142,0.380690182113136,-0.0641251755885565,0.271380100640141,0.33721953478356,0.626155869423677,0.565124825956713,0.305925255390835,23.36,1
28143.0,-27.1436784229495,15.3658043803315,-28.4074244550982,6.37089534679314,-20.0878775718571,-4.66631306343841,-18.7094788213717,17.9035743750222,-3.72227873753244,-8.12096173759343,4.41994345577668,-6.21094112120869,1.06383739513242,-5.84352838067721,-0.108836449172905,-5.60659732565665,-11.7562556050179,-4.71494676131661,0.783577593799492,1.70388764553958,1.79682638880552,-1.96097371657716,-0.90224745220798,0.144011442167384,2.02438803943008,-0.204214065769385,1.33215305903359,0.385890728011147,99.99,1
28242.0,-2.78724793061533,-0.0713403777285035,-1.50528777523306,3.36177713733967,-3.35742166883665,0.565834734346537,0.303653111125521,0.966914484943676,-2.24588195188782,-3.65142656863483,0.987277021963291,-3.83478156926117,-0.961354142524746,-3.18216808481143,-1.1260022842247,-2.95430081252595,-5.84121800175148,-2.91043029785417,-1.15585017273094,1.60739677185147,0.882940442444742,-0.246201930041865,1.75222678458672,0.219924964544368,0.15628169505776,-0.265894317684036,0.220694023253282,0.256076869786525,730.86,1
28625.0,-27.84818067198,15.5981926625554,-28.923755945104,6.41844174657532,-20.346228155413,-4.82820246578157,-19.2108964179086,18.329405525597,-3.66873493861418,-8.00915938639777,4.30309581759563,-6.00866000668561,1.1389688287939,-5.58044712038062,-0.11073711578577,-5.49107326163426,-11.5885435992809,-4.71542017123115,0.734573493016404,1.69785626318366,1.8021491336386,-2.06293427611466,-1.26984343615924,0.165409188492223,1.99949911253199,-0.211058522431997,1.32480949279508,0.388090177732107,99.99,1
28658.0,-28.5242675938406,15.8769229879536,-29.4687320925264,6.44759140152748,-20.7860000418837,-4.86561341755669,-19.5010840750712,18.7488719520883,-3.64298981925263,-7.93964241937325,4.18467368942509,-5.83507521523889,1.21595964527928,-5.33014378246253,-0.118631138153322,-5.36777527618834,-11.4317569116986,-4.69692444373293,0.69268841200477,1.7068890619925,1.80576978392608,-2.11937616760819,-1.31744962200248,0.169845630469178,2.05168733506275,-0.210502000459411,1.30173396497076,0.380246181418509,99.99,1
28692.0,-29.2003285905744,16.1557014298057,-30.0137124857248,6.47673117996833,-21.2258096535165,-4.90299739658728,-19.791248405247,19.1683273897301,-3.61724178604255,-7.87012194292549,4.06625507293473,-5.66149242261771,1.29295014454242,-5.07984568135779,-0.126522740416921,-5.24447151974264,-11.2749725851252,-4.67843652929376,0.650807370688892,1.71586182428358,1.8093709332884,-2.17581520342142,-1.3651041075509,0.174286359566544,2.10386807204715,-0.209943999130567,1.27868097084218,0.372392714338541,99.99,1
28726.0,-29.8763655139763,16.4345245512223,-30.5586968214292,6.50586178736296,-21.6656542956569,-4.94035632949796,-20.0813910746494,19.5877726234404,-3.59149104711596,-7.80059820772759,3.94783971729026,-5.4879114860488,1.36994034924206,-4.82955244300835,-0.134412095441135,-5.12116240451142,-11.1181904509172,-4.65995586983801,0.608930080519071,1.72477883837961,1.81295397464878,-2.23225158753151,-1.41280344282556,0.178731069561437,2.15604185816706,-0.20938462411377,1.25564890085966,0.364530452975509,99.99,1
28755.0,-30.552380043581,16.7133892350242,-31.1036848245812,6.53498386355181,-22.105531524316,-4.97769196369245,-20.371513594495,20.0072083651213,-3.56573779124378,-7.7310714411342,3.8294273949908,-5.31433227604015,1.44693027992913,-4.57926372815218,-0.142299360010106,-4.99784830436345,-10.9614103561188,-4.64148195920404,0.567056279787444,1.73364399368955,1.8165201713562,-2.28868550494101,-1.46054449877578,0.183179482716819,2.20820917836653,-0.208823971247713,1.23263629519904,0.356660010884047,99.99,1
29526.0,1.10280432542075,2.82916799881581,-3.93287026485548,4.70769143992869,2.93796685530025,-1.80090371765217,1.672734122106,-0.300240348680253,-2.78301108805298,-1.88484243991678,3.79256535985687,-1.46047112296734,-1.31277627644381,-7.07736060637589,-0.299466316598551,2.4932276042067,6.24498710234308,2.97174936407353,-2.67995024218857,-0.0308799718381793,-0.106994395673876,-0.250050303584088,-0.52162653336055,-0.448949514169716,1.29164648168516,0.516326673768638,0.0091462814112417,0.15331763551135,0.68,1
29531.0,-1.06067628419757,2.60857946990866,-2.97167900258071,4.36008935234848,3.73885304346426,-2.72839507263672,1.98761635466291,-0.357344707416169,-2.75753451251209,-2.33593332652232,2.11151686706104,-2.59194964968951,-1.9505893546741,-7.31157981735935,0.0777527657738322,2.29060783198994,6.50927165018434,2.56997142628646,-3.28615008214787,-0.0890615369649179,-0.0631678773494982,-0.207385284031508,-0.183260817119722,-0.103679373403096,0.896178353364318,0.407386872028391,-0.130918311231478,0.192177382137495,0.68,1
29753.0,0.269614090485094,3.54975512877325,-5.81035344453706,5.80936957402456,1.53880793351049,-2.26921913566818,-0.824203333436328,0.351069915343584,-3.75905945636624,-4.59238980599474,5.47939151009669,-5.65785754091816,-2.6480760898503,-10.3848897408947,-0.225946407826958,-0.701882908954806,0.409735840500415,0.939603694029483,-1.95429995537505,0.310524633435283,0.371121111209288,-0.322289520392532,-0.549855883222537,-0.520628958812409,1.37821038664663,0.564714292689441,0.553254713878568,0.40240000915925,0.68,1
29785.0,0.92376442016477,0.34404807190464,-2.88000365579163,1.72168007534123,-3.01956477860235,-0.639736122583852,-3.8013245024591,1.29909588513018,0.864065471140902,-2.89525166830126,3.02816223099618,-2.54917730779636,-1.56043182473423,-2.97131675769274,1.07889539651163,-4.70201182527384,-4.90809850732764,-1.5088732903485,3.0016850593747,0.170871765618069,0.8999311755668,1.48127100376248,0.725265549161058,0.176959582872624,-1.81563797523647,-0.536517111308732,0.489035020411905,-0.0497285787992942,30.3,1
30852.0,-2.83098405592803,0.885657038258755,1.19993009832405,2.86129223993172,0.321668777779154,0.289966026429405,1.7677604489638,-2.45104966190813,0.0697358066743391,3.24508640095346,0.675287853392807,-0.677096334427304,-0.222741128141729,-0.913786970583513,1.60333192308268,-1.0245020918608,0.0220452070437295,-0.940684674142594,0.484758940230455,-1.01692314354721,0.546589339675499,0.334970736976198,0.172105676221893,0.623590288019672,-0.527114316331261,-0.079214654387473,-2.53244529803097,0.311176714703215,104.81,1
32686.0,0.287952771527529,1.72873464521162,-1.65217304572257,3.81354418795523,-1.09092715391318,-0.984744665624589,-2.20231792699069,0.555087932252191,-2.03389204830362,-2.73415555507211,2.36843367282003,-3.65680265130054,-0.169534683304731,-4.74441333023745,0.765192829294304,-2.47951355643698,-4.93111196829858,-2.54740252736051,-0.90268980289448,0.265250210286539,0.262201510185118,-0.633527564205563,0.0928910102678184,0.187612655556196,0.368708354409639,-0.132474029018571,0.57656075692479,0.309842705461879,0.0,1
32745.0,-2.17913506011513,0.0202179180614602,-2.18273279614299,2.57204626116115,-3.6637331119316,0.0815679330899005,0.268048730691862,0.660437428502318,-2.37402736257173,-3.58281002008802,1.97582106179607,-3.50054226479879,0.170681027067223,-2.73594037401519,1.67025110352247,-4.04629299726117,-5.07947908460579,-2.58685704537203,1.66926055335833,1.95796029993605,1.02642111100453,0.299613501640326,1.65680000734873,0.328432501784239,0.106456827905221,0.691774505774569,0.196778974067123,0.241085157494976,717.15,1
34256.0,0.539275913891047,1.5548897630737,-2.06618033324968,3.24161746276725,0.184735711234243,0.0283295594064726,-1.51552137985061,0.537035374444064,-1.99984603560986,-2.13317644293659,2.75617194535395,-2.24286436771513,0.615204246860345,-4.65280380668112,0.222163815521883,-0.775666019840941,-3.21861825150599,-0.370992501046414,-0.686196723569762,0.302734578907132,0.371773459120687,0.111954592156869,-0.305225078771695,-1.05383526243402,0.77117490696746,0.240878213732036,0.418434531995645,0.232169715166482,19.02,1
34521.0,1.08123377540659,0.416413936043849,0.862918740651629,2.52086280678918,-0.0050205000585141,0.563341022808024,-0.123372251574041,0.223121852791809,-0.673597550149872,0.644549730341658,1.1205051770709,1.23777331256672,0.342362114422749,0.0383719793321978,-1.19450308848281,0.0854063439558358,-0.219143226460215,-0.694259215394403,-0.655269928208246,-0.16524877677618,-0.159387123973102,-0.305154013019185,0.0536197364326817,0.0117614442207135,0.375145782072105,-0.106298753298543,0.0210082653765087,0.0105592082435436,1.52,1
34634.0,0.333499490680108,1.69987344643198,-2.59656116696059,3.64394526899047,-0.585067615145778,-0.65465853161144,-2.27578851019488,0.675228968561644,-2.04241592376479,-2.83487115980611,2.80200512615164,-4.39273243849001,-1.36967144973756,-5.32728665168661,0.16315896154,-1.35938947657172,-5.09518287931609,-0.338012656200231,-0.124137989024621,0.32934171405761,0.469211944535006,-0.144362651206432,-0.317980934036568,-0.769644309522666,0.807854587509663,0.228164299217237,0.551001873896763,0.305473419992231,18.96,1
34684.0,-2.43923696855219,2.59145816263611,-2.84012564998452,1.28624391005241,-1.7770161908324,-1.4361387710222,-2.20605624197635,-2.28272485775905,-0.292885036315821,-3.71744992918956,3.90739912775712,-7.22000368560677,-1.21173934568755,-9.6576265944335,0.927517899548728,-4.73866234284944,-9.27663556929158,-3.08196108095709,0.17774563450317,0.513529864634298,1.77446009213068,-0.771389807551225,0.0657267026225069,0.103915744896627,-0.0575779255552146,0.24265246086543,-0.268649222026483,-0.743712586038479,125.3,1
34687.0,-0.860826892469905,3.13178963278262,-5.05296813449749,5.42094070941518,-2.49414141557203,-1.81128662834635,-5.47911745062699,1.18947198655298,-3.90820579292615,-7.06074618169306,4.72997415443333,-8.62905440849263,1.17879796289388,-11.1820634139742,0.445243112696547,-6.53298227788478,-13.3892507167674,-4.48041256680694,0.432054206519352,1.0857595200589,1.19269353963797,0.09035581053399,-0.341880850908644,-0.215924151333767,1.05303194615504,0.271139003495332,1.37329957704625,0.691195095871691,19.02,1
35585.0,-2.01900071938148,1.49126972926361,0.0052218157286719,0.817253270463702,0.973252233873376,-0.639268312778292,-0.974072997078786,-3.14692889107659,-0.0031590736890201,-0.121653217684609,0.0243696057661544,-1.07381224038496,-2.00276910919169,-0.895433620751722,1.74893630108012,-0.103527023620705,2.03119574973193,0.31759835677742,0.38676063692414,-1.02996468249782,2.83959610796444,-1.18544284096841,-0.142811875801854,-0.0861029384113329,-0.329113253522425,0.523601226377288,0.626282771397878,0.152439938058669,0.76,1
35771.0,-3.21895201068387,2.70853541135777,-3.26304158740062,1.36186594394607,-1.64577567536596,-1.85298187130258,-3.06995821412732,-1.79687585578416,-0.213356097435365,-3.55198400939375,3.77974953895486,-6.98477147722078,-1.14097718858781,-9.37787845231763,0.921463506707037,-4.65207119462111,-9.09423129737693,-3.08254995409724,0.132330776389272,0.571654488206511,1.80787725006384,-0.890421395077162,-0.325814386573867,0.123039596922715,-0.0930137472776971,0.232105969675678,-0.310518998304807,-0.745294626799623,60.6,1
35866.0,-2.04448868873478,3.36830621710984,-3.93711139061868,5.62311973109633,-3.0792320390481,-1.25347411822809,-5.77887959312275,1.70742815771205,-4.46710312294842,-6.0677981503786,3.83978771072745,-8.27784094846266,1.49391490811495,-8.41668121212274,0.792297928201949,-7.86265882647354,-14.5708366290177,-5.18538553288232,2.41438956859515,1.11202761894884,1.48359421639379,0.834310712862216,-0.148485620188757,0.0016688545232818,-0.0389957310939217,0.389526401954901,1.30023645611458,0.549940374167289,7.61,1
35899.0,-2.85716975415491,4.04560138120513,-4.19729878550198,5.48719863078843,-3.07077616787415,-1.42268633776286,-5.65131373987331,2.01965739455388,-5.01549098658195,-6.31970750896333,3.77960220775921,-8.07709364590223,1.4408888557809,-7.89190877856627,0.530452788364339,-7.9540700449952,-14.2650559534715,-5.7710644259128,2.8921696850147,0.981608721582294,1.08032273397717,-0.561384150324839,0.102678427260093,-0.0671947227831213,-0.476931194262915,-0.103716356143308,1.16696149168342,0.663632066947765,1.0,1
35906.0,-3.51902954497457,4.14086717613266,-3.62820236883577,5.50567203744754,-4.05746250583351,-0.905945282755562,-6.65203112089008,2.63452416520597,-4.67940204045465,-6.54624181523522,3.53820204012168,-8.04228514248667,1.69750938374612,-8.05104890186539,1.07045739646232,-7.39595692479141,-14.3296261567476,-4.86801023649552,2.46384303909831,0.898723234092648,1.58255593340505,0.778710245469243,-0.13570727840987,-0.0042778002749602,0.0327061591060809,0.362014053476722,0.900925137512513,0.554897499272323,9.13,1
35926.0,-3.89658259167336,4.51835470349753,-4.45402724041253,5.54745334718879,-4.12145857265685,-1.16340665785105,-6.80505305303552,2.92835625399971,-4.91712959933528,-6.60046062150676,3.36784560815482,-7.88897751950988,1.68260346667335,-7.62865191597326,0.779245995683184,-7.53340432942796,-14.0646239413114,-4.96010863308331,2.52578492424474,0.757286726552078,1.69104203001122,0.920020577187708,-0.151103893232396,0.0110068782298363,0.0803032669086078,0.412191351423526,0.635788870982512,0.501049550484962,4.56,1
35942.0,-4.19407367570647,4.38289736244467,-5.11836337307965,4.45522984017686,-4.81262068168969,-1.22464470658392,-7.28132786701771,3.33224979453268,-3.6796585127756,-7.52436833681058,2.95434436554049,-7.09982534281257,1.52036890797685,-7.68780276684597,-0.225002021021292,-8.52085016639749,-13.2772997431934,-5.25370461976771,3.62333181402755,0.579098497681141,1.55047296606276,0.614572855219804,0.0285207917962781,0.0137043244720008,-0.149512012856955,-0.131686656095248,0.473934221832509,0.47375748155095,14.46,1
